-- phpMyAdmin SQL Dump
-- version 5.2.1
-- https://www.phpmyadmin.net/
--
-- Host: myprodmariadb:3306
-- Generation Time: Dec 04, 2024 at 04:30 PM
-- Server version: 11.5.2-MariaDB-ubu2404
-- PHP Version: 8.2.23

SET SQL_MODE = "NO_AUTO_VALUE_ON_ZERO";
START TRANSACTION;
SET time_zone = "+00:00";


/*!40101 SET @OLD_CHARACTER_SET_CLIENT=@@CHARACTER_SET_CLIENT */;
/*!40101 SET @OLD_CHARACTER_SET_RESULTS=@@CHARACTER_SET_RESULTS */;
/*!40101 SET @OLD_COLLATION_CONNECTION=@@COLLATION_CONNECTION */;
/*!40101 SET NAMES utf8mb4 */;

--
-- Database: `Pets`
--

-- --------------------------------------------------------

--
-- Table structure for table `adoption_data`
--

CREATE TABLE `adoption_data` (
  `Adoption_id` varchar(7) NOT NULL,
  `Adoption _Date` varchar(10) DEFAULT NULL,
  `AdoptionFee` int(3) DEFAULT NULL,
  `PetHouseId_fk` varchar(6) DEFAULT NULL
) ENGINE=InnoDB DEFAULT CHARSET=utf8mb3 COLLATE=utf8mb3_general_ci;

--
-- Dumping data for table `adoption_data`
--

INSERT INTO `adoption_data` (`Adoption_id`, `Adoption _Date`, `AdoptionFee`, `PetHouseId_fk`) VALUES
('AD00001', '7/4/2003', 98, 'PH1689'),
('AD00002', '10/7/2003', 388, 'PH1118'),
('AD00003', '10/10/2003', 445, 'PH1223'),
('AD00004', '12/27/2003', 18, 'PH1604'),
('AD00005', '3/4/2004', 250, 'PH1662'),
('AD00006', '11/24/2004', 433, 'PH011'),
('AD00007', '4/23/2005', 254, 'PH1922'),
('AD00008', '9/7/2005', 438, 'PH1864'),
('AD00009', '2/16/2006', 27, 'PH1917'),
('AD00010', '10/23/2006', 232, 'PH1076'),
('AD00011', '1/5/2007', 300, 'PH582'),
('AD00012', '2/15/2007', 135, 'PH399'),
('AD00013', '10/13/2007', 35, 'PH164'),
('AD00014', '12/14/2007', 265, 'PH716'),
('AD00015', '3/3/2008', 300, 'PH1933'),
('AD00016', '5/28/2008', 165, 'PH753'),
('AD00017', '1/28/2009', 393, 'PH1336'),
('AD00018', '2/7/2009', 275, 'PH1495'),
('AD00019', '8/11/2009', 74, 'PH286'),
('AD00020', '2/21/2010', 448, 'PH804'),
('AD00021', '3/13/2010', 289, 'PH500'),
('AD00022', '5/2/2010', 397, 'PH477'),
('AD00023', '7/6/2010', 45, 'PH487'),
('AD00024', '8/10/2010', 155, 'PH490'),
('AD00025', '8/21/2010', 434, 'PH1448'),
('AD00026', '3/17/2011', 290, 'PH1363'),
('AD00027', '4/18/2011', 111, 'PH1960'),
('AD00028', '5/18/2011', 290, 'PH695'),
('AD00029', '5/26/2011', 483, 'PH851'),
('AD00030', '5/26/2011', 269, 'PH851'),
('AD00031', '9/17/2011', 198, 'PH1888'),
('AD00032', '10/11/2011', 404, 'PH1978'),
('AD00033', '12/20/2011', 208, 'PH1380'),
('AD00034', '6/12/2012', 411, 'PH1174'),
('AD00035', '9/18/2012', 229, 'PH642'),
('AD00036', '10/2/2012', 18, 'PH237'),
('AD00037', '10/13/2012', 87, 'PH393'),
('AD00038', '12/4/2012', 60, 'PH1555'),
('AD00039', '2/18/2013', 377, 'PH195'),
('AD00040', '3/11/2013', 474, 'PH1130'),
('AD00041', '5/21/2013', 407, 'PH1017'),
('AD00042', '6/2/2013', 72, 'PH447'),
('AD00043', '8/12/2013', 282, 'PH684'),
('AD00044', '8/13/2013', 457, 'PH443'),
('AD00045', '9/22/2013', 159, 'PH150'),
('AD00046', '10/23/2013', 235, 'PH1466'),
('AD00047', '11/23/2013', 96, 'PH862'),
('AD00048', '11/28/2013', 102, 'PH1848'),
('AD00049', '12/4/2013', 297, 'PH031'),
('AD00050', '12/13/2013', 432, 'PH444'),
('AD00051', '12/19/2013', 165, 'PH1849'),
('AD00052', '12/24/2013', 153, 'PH495'),
('AD00053', '2/8/2014', 80, 'PH801'),
('AD00054', '2/19/2014', 24, 'PH915'),
('AD00055', '3/30/2014', 70, 'PH124'),
('AD00056', '4/16/2014', 289, 'PH694'),
('AD00057', '4/28/2014', 189, 'PH602'),
('AD00058', '5/18/2014', 334, 'PH535'),
('AD00059', '6/3/2014', 278, 'PH056'),
('AD00060', '7/14/2014', 255, 'PH955'),
('AD00061', '8/14/2014', 423, 'PH1620'),
('AD00062', '8/15/2014', 328, 'PH1597'),
('AD00063', '8/22/2014', 41, 'PH208'),
('AD00064', '9/11/2014', 365, 'PH789'),
('AD00065', '9/29/2014', 211, 'PH372'),
('AD00066', '10/11/2014', 231, 'PH669'),
('AD00067', '10/21/2014', 313, 'PH281'),
('AD00068', '10/23/2014', 401, 'PH078'),
('AD00069', '11/7/2014', 320, 'PH113'),
('AD00070', '11/30/2014', 259, 'PH082'),
('AD00071', '12/6/2014', 78, 'PH247'),
('AD00072', '1/12/2015', 215, 'PH739'),
('AD00073', '3/2/2015', 232, 'PH380'),
('AD00074', '3/5/2015', 222, 'PH717'),
('AD00075', '3/7/2015', 24, 'PH1513'),
('AD00076', '3/7/2015', 96, 'PH1513'),
('AD00077', '5/23/2015', 464, 'PH1906'),
('AD00078', '5/27/2015', 407, 'PH1894'),
('AD00079', '5/28/2015', 390, 'PH479'),
('AD00080', '6/11/2015', 466, 'PH107'),
('AD00081', '6/14/2015', 32, 'PH1050'),
('AD00082', '7/24/2015', 371, 'PH188'),
('AD00083', '7/31/2015', 282, 'PH250'),
('AD00084', '8/10/2015', 129, 'PH496'),
('AD00085', '8/14/2015', 332, 'PH1641'),
('AD00086', '8/20/2015', 200, 'PH1465'),
('AD00087', '8/24/2015', 317, 'PH202'),
('AD00088', '8/29/2015', 99, 'PH385'),
('AD00089', '9/1/2015', 140, 'PH1019'),
('AD00090', '9/23/2015', 362, 'PH1545'),
('AD00091', '10/8/2015', 100, 'PH1847'),
('AD00092', '10/12/2015', 285, 'PH729'),
('AD00093', '10/26/2015', 465, 'PH575'),
('AD00094', '10/31/2015', 303, 'PH454'),
('AD00095', '11/13/2015', 91, 'PH085'),
('AD00096', '11/29/2015', 195, 'PH1325'),
('AD00097', '12/7/2015', 223, 'PH420'),
('AD00098', '12/13/2015', 450, 'PH1774'),
('AD00099', '12/16/2015', 30, 'PH796'),
('AD00100', '12/17/2015', 132, 'PH505'),
('AD00101', '12/19/2015', 102, 'PH997'),
('AD00102', '12/30/2015', 224, 'PH358'),
('AD00103', '1/8/2016', 461, 'PH264'),
('AD00104', '1/12/2016', 228, 'PH126'),
('AD00105', '1/13/2016', 144, 'PH243'),
('AD00106', '1/20/2016', 447, 'PH276'),
('AD00107', '2/3/2016', 171, 'PH485'),
('AD00108', '2/16/2016', 259, 'PH133'),
('AD00109', '2/20/2016', 455, 'PH390'),
('AD00110', '2/21/2016', 346, 'PH914'),
('AD00111', '2/22/2016', 18, 'PH177'),
('AD00112', '2/28/2016', 222, 'PH183'),
('AD00113', '2/29/2016', 192, 'PH073'),
('AD00114', '3/14/2016', 295, 'PH1133'),
('AD00115', '3/18/2016', 72, 'PH1429'),
('AD00116', '3/23/2016', 214, 'PH488'),
('AD00117', '3/26/2016', 143, 'PH081'),
('AD00118', '4/1/2016', 152, 'PH1052'),
('AD00119', '4/27/2016', 50, 'PH1930'),
('AD00120', '4/29/2016', 210, 'PH375'),
('AD00121', '5/1/2016', 381, 'PH070'),
('AD00122', '5/3/2016', 16, 'PH688'),
('AD00123', '5/5/2016', 421, 'PH961'),
('AD00124', '5/10/2016', 194, 'PH506'),
('AD00125', '5/10/2016', 49, 'PH506'),
('AD00126', '5/14/2016', 301, 'PH118'),
('AD00127', '5/15/2016', 272, 'PH903'),
('AD00128', '5/18/2016', 268, 'PH624'),
('AD00129', '6/9/2016', 156, 'PH452'),
('AD00130', '6/10/2016', 99, 'PH1004'),
('AD00131', '6/15/2016', 38, 'PH1562'),
('AD00132', '6/16/2016', 62, 'PH117'),
('AD00133', '6/25/2016', 317, 'PH322'),
('AD00134', '6/28/2016', 60, 'PH599'),
('AD00135', '7/2/2016', 210, 'PH1419'),
('AD00136', '7/5/2016', 301, 'PH061'),
('AD00137', '7/6/2016', 63, 'PH181'),
('AD00138', '7/10/2016', 364, 'PH186'),
('AD00139', '7/11/2016', 27, 'PH180'),
('AD00140', '8/7/2016', 41, 'PH428'),
('AD00141', '8/17/2016', 343, 'PH525'),
('AD00142', '8/17/2016', 209, 'PH525'),
('AD00143', '8/17/2016', 105, 'PH525'),
('AD00144', '8/20/2016', 111, 'PH1898'),
('AD00145', '8/21/2016', 115, 'PH610'),
('AD00146', '8/27/2016', 160, 'PH314'),
('AD00147', '8/29/2016', 296, 'PH129'),
('AD00148', '8/31/2016', 2, 'PH259'),
('AD00149', '9/2/2016', 354, 'PH994'),
('AD00150', '9/19/2016', 378, 'PH1070'),
('AD00151', '9/20/2016', 26, 'PH238'),
('AD00152', '9/20/2016', 322, 'PH238'),
('AD00153', '9/23/2016', 419, 'PH1583'),
('AD00154', '9/24/2016', 120, 'PH175'),
('AD00155', '9/25/2016', 25, 'PH1163'),
('AD00156', '9/26/2016', 420, 'PH1222'),
('AD00157', '9/27/2016', 77, 'PH402'),
('AD00158', '10/7/2016', 182, 'PH414'),
('AD00159', '10/9/2016', 359, 'PH148'),
('AD00160', '10/18/2016', 190, 'PH348'),
('AD00161', '10/20/2016', 196, 'PH934'),
('AD00162', '10/21/2016', 278, 'PH1048'),
('AD00163', '10/22/2016', 88, 'PH245'),
('AD00164', '11/1/2016', 436, 'PH046'),
('AD00165', '11/4/2016', 170, 'PH059'),
('AD00166', '11/16/2016', 453, 'PH544'),
('AD00167', '11/18/2016', 303, 'PH106'),
('AD00168', '11/22/2016', 183, 'PH449'),
('AD00169', '11/22/2016', 355, 'PH449'),
('AD00170', '11/26/2016', 181, 'PH773'),
('AD00171', '12/2/2016', 35, 'PH190'),
('AD00172', '12/6/2016', 337, 'PH1536'),
('AD00173', '12/9/2016', 127, 'PH1829'),
('AD00174', '12/13/2016', 488, 'PH277'),
('AD00175', '12/14/2016', 434, 'PH109'),
('AD00176', '12/22/2016', 145, 'PH573'),
('AD00177', '12/30/2016', 213, 'PH482'),
('AD00178', '1/5/2017', 482, 'PH696'),
('AD00179', '1/14/2017', 31, 'PH601'),
('AD00180', '1/14/2017', 335, 'PH601'),
('AD00181', '1/14/2017', 338, 'PH601'),
('AD00182', '1/25/2017', 272, 'PH693'),
('AD00183', '1/30/2017', 326, 'PH093'),
('AD00184', '1/31/2017', 376, 'PH810'),
('AD00185', '2/3/2017', 139, 'PH080'),
('AD00186', '2/7/2017', 300, 'PH1065'),
('AD00187', '2/12/2017', 289, 'PH1203'),
('AD00188', '2/21/2017', 464, 'PH301'),
('AD00189', '2/22/2017', 220, 'PH864'),
('AD00190', '2/23/2017', 51, 'PH377'),
('AD00191', '2/26/2017', 168, 'PH996'),
('AD00192', '2/28/2017', 457, 'PH906'),
('AD00193', '3/14/2017', 286, 'PH359'),
('AD00194', '3/16/2017', 225, 'PH661'),
('AD00195', '3/19/2017', 262, 'PH822'),
('AD00196', '3/31/2017', 85, 'PH179'),
('AD00197', '4/1/2017', 125, 'PH1039'),
('AD00198', '4/15/2017', 471, 'PH832'),
('AD00199', '4/17/2017', 0, 'PH829'),
('AD00200', '4/17/2017', 468, 'PH829'),
('AD00201', '5/15/2017', 171, 'PH320'),
('AD00202', '5/31/2017', 114, 'PH413'),
('AD00203', '6/6/2017', 136, 'PH1686'),
('AD00204', '6/7/2017', 69, 'PH422'),
('AD00205', '6/8/2017', 72, 'PH553'),
('AD00206', '6/11/2017', 9, 'PH337'),
('AD00207', '6/30/2017', 448, 'PH1167'),
('AD00208', '6/30/2017', 101, 'PH1167'),
('AD00209', '7/2/2017', 491, 'PH1309'),
('AD00210', '7/5/2017', 452, 'PH035'),
('AD00211', '7/7/2017', 473, 'PH942'),
('AD00212', '7/7/2017', 257, 'PH942'),
('AD00213', '7/14/2017', 87, 'PH283'),
('AD00214', '7/19/2017', 117, 'PH330'),
('AD00215', '7/28/2017', 345, 'PH039'),
('AD00216', '7/28/2017', 358, 'PH039'),
('AD00217', '7/29/2017', 437, 'PH386'),
('AD00218', '7/30/2017', 127, 'PH142'),
('AD00219', '8/5/2017', 490, 'PH1642'),
('AD00220', '8/14/2017', 18, 'PH165'),
('AD00221', '8/14/2017', 119, 'PH165'),
('AD00222', '8/15/2017', 329, 'PH1701'),
('AD00223', '8/16/2017', 462, 'PH012'),
('AD00224', '8/17/2017', 76, 'PH1508'),
('AD00225', '9/3/2017', 62, 'PH567'),
('AD00226', '9/4/2017', 294, 'PH636'),
('AD00227', '9/5/2017', 77, 'PH222'),
('AD00228', '9/8/2017', 149, 'PH930'),
('AD00229', '9/12/2017', 410, 'PH174'),
('AD00230', '9/26/2017', 88, 'PH134'),
('AD00231', '9/28/2017', 306, 'PH398'),
('AD00232', '9/28/2017', 430, 'PH398'),
('AD00233', '10/6/2017', 420, 'PH457'),
('AD00234', '10/6/2017', 465, 'PH457'),
('AD00235', '10/26/2017', 254, 'PH005'),
('AD00236', '10/27/2017', 333, 'PH234'),
('AD00237', '10/29/2017', 290, 'PH1892'),
('AD00238', '10/30/2017', 148, 'PH1344'),
('AD00239', '11/2/2017', 494, 'PH597'),
('AD00240', '11/3/2017', 267, 'PH1655'),
('AD00241', '11/11/2017', 333, 'PH037'),
('AD00242', '11/20/2017', 178, 'PH122'),
('AD00243', '12/10/2017', 323, 'PH127'),
('AD00244', '12/14/2017', 432, 'PH1876'),
('AD00245', '12/17/2017', 124, 'PH656'),
('AD00246', '12/28/2017', 58, 'PH1008'),
('AD00247', '12/30/2017', 137, 'PH395'),
('AD00248', '1/3/2018', 179, 'PH232'),
('AD00249', '2/3/2018', 11, 'PH1956'),
('AD00250', '2/17/2018', 97, 'PH1474'),
('AD00251', '2/21/2018', 368, 'PH912'),
('AD00252', '3/1/2018', 136, 'PH480'),
('AD00253', '3/3/2018', 379, 'PH938'),
('AD00254', '3/17/2018', 47, 'PH440'),
('AD00255', '3/20/2018', 353, 'PH998'),
('AD00256', '3/21/2018', 420, 'PH295'),
('AD00257', '3/30/2018', 233, 'PH595'),
('AD00258', '3/30/2018', 57, 'PH595'),
('AD00259', '3/30/2018', 461, 'PH595'),
('AD00260', '4/2/2018', 270, 'PH758'),
('AD00261', '4/3/2018', 59, 'PH1247'),
('AD00262', '4/4/2018', 282, 'PH157'),
('AD00263', '4/12/2018', 455, 'PH1723'),
('AD00264', '4/15/2018', 298, 'PH533'),
('AD00265', '4/15/2018', 286, 'PH533'),
('AD00266', '4/15/2018', 436, 'PH533'),
('AD00267', '4/21/2018', 362, 'PH231'),
('AD00268', '4/23/2018', 278, 'PH455'),
('AD00269', '5/16/2018', 306, 'PH1030'),
('AD00270', '5/22/2018', 464, 'PH256'),
('AD00271', '6/4/2018', 70, 'PH045'),
('AD00272', '7/3/2018', 104, 'PH141'),
('AD00273', '7/9/2018', 403, 'PH329'),
('AD00274', '7/20/2018', 429, 'PH846'),
('AD00275', '7/24/2018', 412, 'PH936'),
('AD00276', '7/26/2018', 276, 'PH1237'),
('AD00277', '7/29/2018', 5, 'PH100'),
('AD00278', '7/31/2018', 482, 'PH1398'),
('AD00279', '8/14/2018', 246, 'PH861'),
('AD00280', '8/15/2018', 383, 'PH499'),
('AD00281', '9/3/2018', 64, 'PH926'),
('AD00282', '9/4/2018', 350, 'PH405'),
('AD00283', '9/7/2018', 203, 'PH1509'),
('AD00284', '9/10/2018', 215, 'PH633'),
('AD00285', '9/30/2018', 178, 'PH1421'),
('AD00286', '10/8/2018', 317, 'PH521'),
('AD00287', '10/11/2018', 388, 'PH1301'),
('AD00288', '10/25/2018', 432, 'PH077'),
('AD00289', '11/22/2018', 371, 'PH561'),
('AD00290', '11/24/2018', 363, 'PH1951'),
('AD00291', '11/29/2018', 227, 'PH1397'),
('AD00292', '12/7/2018', 253, 'PH649'),
('AD00293', '1/2/2019', 365, 'PH1530'),
('AD00294', '1/23/2019', 241, 'PH1970'),
('AD00295', '1/28/2019', 328, 'PH123'),
('AD00296', '2/13/2019', 203, 'PH1819'),
('AD00297', '2/28/2019', 67, 'PH201'),
('AD00298', '3/3/2019', 456, 'PH191'),
('AD00299', '3/24/2019', 481, 'PH406'),
('AD00300', '4/2/2019', 118, 'PH1324'),
('AD00301', '4/3/2019', 228, 'PH1009');

-- --------------------------------------------------------

--
-- Table structure for table `pet_house`
--

CREATE TABLE `pet_house` (
  `PetHouseId` varchar(6) NOT NULL,
  `AgeMonths` int(3) DEFAULT NULL,
  `Color` varchar(6) DEFAULT NULL,
  `Size` varchar(6) DEFAULT NULL,
  `WeightKg` decimal(3,1) DEFAULT NULL,
  `Vaccinated` int(1) DEFAULT NULL,
  `HealthCondition` int(1) DEFAULT NULL,
  `TimeInShelterDays` int(2) DEFAULT NULL,
  `PreviousOwner` int(1) DEFAULT NULL,
  `AdoptionLikelihood` int(1) DEFAULT NULL,
  `DateEntered` varchar(10) DEFAULT NULL,
  `SpeciesID_fk` int(1) DEFAULT NULL
) ENGINE=InnoDB DEFAULT CHARSET=utf8mb3 COLLATE=utf8mb3_general_ci;

--
-- Dumping data for table `pet_house`
--

INSERT INTO `pet_house` (`PetHouseId`, `AgeMonths`, `Color`, `Size`, `WeightKg`, `Vaccinated`, `HealthCondition`, `TimeInShelterDays`, `PreviousOwner`, `AdoptionLikelihood`, `DateEntered`, `SpeciesID_fk`) VALUES
('PH001', 131, 'Orange', 'Large', 5.0, 1, 0, 27, 0, 0, '07/10/2016', 1),
('PH002', 73, 'White', 'Large', 16.1, 0, 0, 8, 0, 0, '11/21/2013', 2),
('PH003', 136, 'Orange', 'Medium', 2.1, 0, 0, 85, 0, 0, '9/28/2014', 3),
('PH004', 97, 'White', 'Small', 3.3, 0, 0, 61, 1, 0, '12/31/2016', 1),
('PH005', 123, 'Gray', 'Large', 20.5, 0, 0, 28, 1, 0, '9/28/2017', 2),
('PH006', 70, 'Brown', 'Large', 21.0, 0, 0, 87, 1, 0, '10/25/2017', 4),
('PH007', 169, 'Brown', 'Small', 10.9, 1, 0, 70, 1, 0, '11/06/2018', 1),
('PH008', 13, 'Orange', 'Large', 7.3, 1, 0, 3, 0, 1, '06/05/2018', 5),
('PH009', 49, 'Brown', 'Medium', 24.6, 1, 1, 69, 0, 0, '10/10/2015', 1),
('PH010', 60, 'Gray', 'Large', 7.3, 0, 0, 73, 1, 0, '2/18/2014', 1),
('PH011', 130, 'Orange', 'Large', 16.7, 0, 0, 7, 0, 0, '11/17/2004', 1),
('PH012', 5, 'White', 'Small', 29.1, 1, 0, 60, 0, 1, '6/17/2017', 2),
('PH013', 172, 'Brown', 'Large', 5.3, 1, 0, 4, 1, 0, '02/07/2017', 3),
('PH014', 27, 'Black', 'Large', 28.3, 1, 0, 5, 0, 0, '11/29/2016', 5),
('PH015', 160, 'Brown', 'Medium', 6.3, 1, 0, 11, 0, 1, '1/29/2018', 6),
('PH016', 149, 'White', 'Small', 17.5, 1, 0, 15, 1, 0, '7/20/2016', 2),
('PH017', 8, 'Orange', 'Small', 11.9, 1, 1, 64, 1, 0, '3/20/2016', 6),
('PH018', 50, 'White', 'Medium', 29.0, 1, 0, 13, 0, 1, '01/06/2009', 6),
('PH019', 67, 'Black', 'Large', 8.9, 1, 1, 7, 1, 0, '11/28/2013', 2),
('PH020', 44, 'Gray', 'Small', 12.6, 0, 1, 6, 0, 0, '8/23/2018', 4),
('PH021', 125, 'Brown', 'Small', 29.5, 1, 0, 56, 0, 0, '1/25/2008', 2),
('PH022', 58, 'Orange', 'Large', 16.6, 0, 0, 64, 1, 0, '01/07/2018', 6),
('PH023', 3, 'Gray', 'Large', 15.6, 1, 0, 50, 1, 1, '3/14/2018', 4),
('PH024', 86, 'White', 'Small', 8.5, 1, 0, 30, 0, 0, '11/22/2014', 3),
('PH025', 70, 'Orange', 'Large', 21.3, 1, 0, 22, 0, 0, '08/02/2012', 1),
('PH026', 130, 'Gray', 'Small', 1.4, 1, 0, 25, 0, 0, '04/11/2018', 1),
('PH027', 172, 'Orange', 'Large', 2.4, 1, 0, 28, 0, 0, '12/30/2017', 6),
('PH028', 2, 'Black', 'Large', 18.4, 1, 1, 84, 0, 0, '1/25/2011', 2),
('PH029', 102, 'Black', 'Medium', 10.9, 0, 0, 39, 0, 0, '09/01/2015', 2),
('PH030', 35, 'Brown', 'Large', 28.6, 0, 1, 67, 0, 0, '7/18/2010', 2),
('PH031', 98, 'Brown', 'Medium', 27.2, 1, 0, 5, 0, 1, '11/29/2013', 1),
('PH032', 30, 'Black', 'Large', 21.7, 1, 1, 65, 0, 0, '10/04/2005', 6),
('PH033', 116, 'Orange', 'Small', 24.7, 1, 0, 15, 1, 0, '2/13/2009', 1),
('PH034', 8, 'Black', 'Small', 20.4, 1, 0, 67, 0, 1, '7/28/2017', 5),
('PH035', 150, 'Brown', 'Large', 4.6, 1, 0, 40, 0, 0, '5/26/2017', 2),
('PH036', 44, 'Black', 'Large', 23.2, 0, 0, 69, 1, 0, '1/14/2018', 1),
('PH037', 36, 'Black', 'Small', 7.1, 1, 0, 77, 1, 0, '8/26/2017', 2),
('PH038', 77, 'Orange', 'Large', 10.4, 0, 0, 43, 0, 0, '07/06/2018', 2),
('PH039', 31, 'Gray', 'Medium', 24.8, 1, 0, 1, 0, 1, '7/27/2017', 3),
('PH040', 47, 'Brown', 'Medium', 16.6, 0, 0, 22, 1, 0, '3/14/2010', 3),
('PH041', 55, 'Orange', 'Medium', 25.9, 1, 0, 62, 0, 1, '06/08/2017', 1),
('PH042', 106, 'Black', 'Medium', 7.2, 0, 0, 79, 1, 1, '10/31/2014', 4),
('PH043', 158, 'Black', 'Medium', 18.6, 1, 0, 26, 0, 1, '10/23/2015', 1),
('PH044', 121, 'Gray', 'Large', 3.4, 1, 1, 18, 0, 0, '12/29/2017', 6),
('PH045', 55, 'Brown', 'Large', 19.6, 1, 0, 48, 0, 0, '4/17/2018', 7),
('PH046', 144, 'Brown', 'Medium', 23.1, 1, 0, 9, 1, 1, '10/23/2016', 6),
('PH047', 12, 'White', 'Large', 18.0, 1, 1, 1, 1, 0, '11/29/2018', 7),
('PH048', 145, 'Brown', 'Large', 8.7, 1, 0, 9, 0, 0, '3/29/2018', 7),
('PH049', 144, 'Gray', 'Medium', 1.9, 1, 0, 23, 0, 1, '1/20/2015', 2),
('PH050', 140, 'White', 'Large', 4.5, 0, 0, 45, 0, 0, '03/06/2015', 2),
('PH051', 136, 'White', 'Large', 19.0, 1, 0, 2, 0, 0, '8/24/2016', 1),
('PH052', 3, 'Black', 'Large', 28.1, 0, 0, 14, 1, 0, '3/20/2008', 2),
('PH053', 144, 'Black', 'Medium', 7.0, 0, 0, 38, 0, 0, '03/04/2017', 1),
('PH054', 30, 'Brown', 'Large', 22.3, 1, 0, 40, 1, 0, '12/15/2016', 2),
('PH055', 23, 'White', 'Small', 26.1, 1, 0, 63, 0, 1, '1/28/2015', 3),
('PH056', 92, 'Black', 'Small', 16.1, 1, 0, 82, 1, 0, '3/13/2014', 1),
('PH057', 115, 'Gray', 'Medium', 20.4, 1, 1, 16, 1, 0, '04/07/2017', 5),
('PH058', 104, 'Black', 'Small', 24.6, 0, 0, 75, 0, 0, '7/16/2016', 2),
('PH059', 118, 'Black', 'Medium', 8.6, 0, 1, 6, 0, 0, '10/29/2016', 6),
('PH060', 5, 'White', 'Small', 9.6, 1, 1, 3, 0, 0, '08/03/2016', 2),
('PH061', 104, 'White', 'Small', 1.0, 1, 0, 14, 0, 0, '6/21/2016', 6),
('PH062', 108, 'Orange', 'Small', 28.9, 0, 0, 66, 0, 0, '12/09/2016', 6),
('PH063', 65, 'Gray', 'Medium', 27.6, 1, 0, 75, 0, 1, '07/03/2016', 6),
('PH064', 121, 'White', 'Medium', 23.2, 1, 1, 86, 1, 0, '04/08/2016', 5),
('PH065', 30, 'Brown', 'Large', 3.3, 1, 0, 67, 0, 0, '11/18/2016', 1),
('PH066', 149, 'Gray', 'Medium', 14.0, 1, 1, 31, 1, 0, '9/15/2010', 6),
('PH067', 84, 'Gray', 'Small', 4.0, 1, 0, 33, 1, 0, '01/03/2014', 2),
('PH068', 150, 'White', 'Small', 1.5, 1, 0, 88, 1, 0, '01/07/2016', 6),
('PH069', 32, 'Gray', 'Medium', 18.9, 0, 0, 1, 0, 0, '02/07/2015', 6),
('PH070', 161, 'White', 'Medium', 28.9, 1, 0, 44, 0, 1, '3/18/2016', 5),
('PH071', 16, 'Black', 'Medium', 27.2, 1, 0, 15, 0, 1, '11/20/2016', 2),
('PH072', 38, 'Orange', 'Large', 21.2, 0, 0, 37, 0, 0, '05/05/2010', 1),
('PH073', 142, 'Black', 'Small', 3.8, 1, 0, 27, 0, 0, '02/02/2016', 2),
('PH074', 36, 'White', 'Large', 9.0, 1, 0, 48, 1, 0, '04/05/2011', 5),
('PH075', 151, 'White', 'Large', 10.3, 1, 1, 27, 0, 0, '07/12/2017', 2),
('PH076', 114, 'Black', 'Small', 23.1, 0, 1, 12, 0, 0, '9/22/2015', 7),
('PH077', 66, 'Brown', 'Small', 24.3, 1, 0, 67, 1, 0, '8/19/2018', 2),
('PH078', 105, 'Brown', 'Medium', 12.2, 1, 0, 30, 0, 1, '9/23/2014', 4),
('PH079', 85, 'Brown', 'Medium', 13.1, 0, 0, 87, 0, 0, '03/01/2018', 5),
('PH080', 2, 'White', 'Large', 2.3, 1, 0, 66, 1, 1, '11/29/2016', 7),
('PH081', 75, 'Gray', 'Medium', 9.4, 1, 0, 7, 0, 1, '3/19/2016', 4),
('PH082', 67, 'White', 'Medium', 14.1, 1, 0, 34, 0, 1, '10/27/2014', 4),
('PH083', 151, 'Gray', 'Small', 4.4, 0, 1, 32, 0, 0, '03/02/2015', 1),
('PH084', 154, 'Black', 'Small', 14.1, 1, 1, 39, 1, 0, '10/04/2017', 4),
('PH085', 55, 'Orange', 'Medium', 25.7, 1, 0, 43, 0, 1, '10/01/2015', 3),
('PH086', 6, 'Gray', 'Small', 17.9, 1, 0, 43, 0, 1, '7/29/2016', 4),
('PH087', 163, 'Brown', 'Medium', 3.3, 1, 0, 78, 0, 1, '07/02/2016', 2),
('PH088', 150, 'White', 'Small', 6.6, 1, 0, 3, 0, 0, '1/30/2018', 2),
('PH089', 171, 'Black', 'Small', 14.8, 0, 0, 46, 0, 0, '3/22/2018', 2),
('PH090', 143, 'Brown', 'Small', 11.5, 1, 0, 32, 0, 0, '11/10/2016', 1),
('PH091', 86, 'Black', 'Small', 11.4, 1, 0, 43, 0, 0, '09/05/2017', 1),
('PH092', 60, 'Orange', 'Medium', 16.3, 1, 1, 81, 0, 0, '06/09/2017', 1),
('PH093', 101, 'White', 'Large', 17.9, 0, 0, 3, 0, 0, '1/27/2017', 3),
('PH094', 12, 'White', 'Small', 24.1, 1, 1, 74, 0, 0, '7/30/2017', 1),
('PH095', 49, 'Orange', 'Medium', 10.9, 1, 1, 63, 0, 0, '11/24/2016', 3),
('PH096', 42, 'White', 'Medium', 24.4, 1, 1, 40, 0, 0, '6/24/2014', 7),
('PH097', 166, 'Gray', 'Small', 10.8, 0, 0, 18, 0, 0, '07/04/2016', 1),
('PH098', 82, 'Black', 'Large', 2.6, 0, 0, 67, 1, 0, '7/21/2012', 5),
('PH099', 173, 'Brown', 'Small', 17.1, 0, 0, 62, 1, 0, '12/27/2013', 2),
('PH100', 35, 'Orange', 'Medium', 18.0, 1, 0, 10, 0, 1, '7/19/2018', 1),
('PH1000', 49, 'Gray', 'Small', 10.3, 0, 0, 58, 0, 0, '09/05/2018', 5),
('PH1001', 41, 'Orange', 'Large', 29.1, 1, 1, 19, 0, 0, '12/30/2016', 5),
('PH1002', 17, 'Black', 'Medium', 28.1, 1, 1, 16, 1, 1, '7/17/2017', 7),
('PH1003', 88, 'Brown', 'Large', 26.2, 1, 0, 75, 0, 0, '8/15/2015', 2),
('PH1004', 21, 'Brown', 'Small', 13.2, 1, 0, 8, 0, 1, '06/02/2016', 7),
('PH1005', 51, 'Black', 'Large', 21.0, 1, 0, 33, 0, 0, '02/08/2017', 1),
('PH1006', 59, 'Black', 'Medium', 27.2, 0, 0, 74, 0, 0, '02/09/2016', 1),
('PH1007', 167, 'Orange', 'Large', 25.7, 0, 0, 18, 1, 0, '1/13/2017', 7),
('PH1008', 41, 'Black', 'Medium', 13.0, 1, 0, 35, 0, 1, '11/23/2017', 4),
('PH1009', 39, 'Gray', 'Medium', 4.3, 1, 0, 43, 0, 1, '2/19/2019', 6),
('PH101', 158, 'Gray', 'Large', 28.1, 0, 0, 52, 0, 0, '9/24/2018', 7),
('PH1010', 141, 'White', 'Small', 3.2, 1, 0, 50, 1, 0, '10/29/2015', 2),
('PH1011', 11, 'Black', 'Small', 17.7, 1, 1, 3, 0, 0, '08/11/2010', 5),
('PH1012', 147, 'Black', 'Small', 19.6, 0, 0, 59, 1, 0, '02/03/2015', 4),
('PH1013', 139, 'Gray', 'Medium', 25.6, 1, 0, 28, 0, 1, '9/26/2017', 1),
('PH1014', 77, 'Brown', 'Large', 9.5, 1, 0, 46, 1, 0, '06/11/2017', 5),
('PH1015', 127, 'Brown', 'Medium', 5.9, 1, 1, 64, 1, 0, '1/20/2016', 1),
('PH1016', 46, 'Orange', 'Small', 12.0, 1, 0, 70, 0, 0, '11/26/2018', 2),
('PH1017', 45, 'Gray', 'Small', 11.3, 1, 0, 47, 1, 0, '04/04/2013', 1),
('PH1018', 1, 'White', 'Large', 4.8, 1, 0, 14, 0, 1, '9/13/2016', 3),
('PH1019', 168, 'White', 'Small', 20.5, 1, 0, 7, 0, 1, '8/25/2015', 4),
('PH102', 158, 'Brown', 'Medium', 22.1, 0, 0, 73, 0, 0, '1/16/2015', 3),
('PH1020', 108, 'Gray', 'Small', 15.8, 1, 1, 74, 0, 0, '2/28/2013', 7),
('PH1021', 19, 'White', 'Small', 21.9, 1, 0, 79, 0, 1, '10/12/2016', 2),
('PH1022', 76, 'Brown', 'Large', 11.2, 1, 0, 31, 1, 1, '11/05/2015', 4),
('PH1023', 72, 'White', 'Medium', 10.4, 1, 0, 81, 0, 1, '6/19/2013', 5),
('PH1024', 109, 'White', 'Small', 14.7, 1, 1, 51, 1, 0, '7/31/2016', 1),
('PH1025', 12, 'Gray', 'Large', 26.4, 1, 0, 29, 0, 1, '6/25/2015', 1),
('PH1026', 161, 'Gray', 'Small', 2.2, 1, 1, 15, 0, 0, '12/12/2015', 2),
('PH1027', 45, 'White', 'Large', 24.3, 0, 0, 76, 0, 0, '12/14/2007', 7),
('PH1028', 90, 'Black', 'Small', 11.7, 1, 0, 25, 0, 0, '09/03/2015', 1),
('PH1029', 103, 'Gray', 'Large', 25.8, 1, 0, 61, 1, 0, '12/02/2016', 6),
('PH103', 134, 'Brown', 'Small', 27.6, 0, 0, 46, 0, 0, '10/02/2010', 1),
('PH1030', 8, 'Orange', 'Small', 24.3, 1, 0, 41, 1, 1, '04/05/2018', 1),
('PH1031', 153, 'Orange', 'Medium', 11.1, 1, 0, 69, 1, 1, '5/14/2011', 5),
('PH1032', 91, 'Brown', 'Small', 21.1, 0, 1, 4, 1, 0, '06/01/2017', 5),
('PH1033', 174, 'White', 'Large', 5.6, 0, 0, 57, 0, 0, '09/10/2015', 3),
('PH1034', 87, 'Black', 'Small', 27.0, 0, 1, 31, 0, 0, '7/18/2018', 1),
('PH1035', 158, 'Brown', 'Medium', 12.7, 1, 0, 3, 0, 1, '10/19/2014', 2),
('PH1036', 175, 'White', 'Small', 14.2, 1, 0, 67, 0, 0, '11/20/2018', 1),
('PH1037', 177, 'Gray', 'Large', 21.5, 1, 1, 50, 0, 0, '12/20/2009', 1),
('PH1038', 175, 'Orange', 'Large', 24.8, 1, 0, 17, 0, 0, '02/04/2015', 6),
('PH1039', 84, 'Black', 'Medium', 7.9, 1, 0, 60, 0, 1, '1/31/2017', 3),
('PH104', 67, 'Orange', 'Large', 27.3, 1, 0, 55, 0, 0, '06/01/2009', 6),
('PH1040', 82, 'Orange', 'Large', 20.2, 0, 1, 74, 0, 0, '01/03/2012', 2),
('PH1041', 146, 'Gray', 'Small', 12.4, 0, 0, 66, 1, 0, '10/29/2015', 5),
('PH1042', 68, 'White', 'Small', 11.7, 1, 0, 88, 0, 0, '05/02/2015', 2),
('PH1043', 161, 'Gray', 'Small', 21.0, 1, 1, 75, 0, 0, '10/04/2017', 4),
('PH1044', 127, 'Gray', 'Large', 12.2, 1, 0, 24, 0, 0, '8/27/2016', 3),
('PH1045', 164, 'Orange', 'Small', 11.0, 1, 1, 87, 1, 0, '8/13/2018', 1),
('PH1046', 82, 'Black', 'Small', 25.2, 1, 0, 32, 1, 0, '7/21/2017', 6),
('PH1047', 147, 'Gray', 'Small', 3.9, 0, 0, 87, 0, 0, '08/08/2010', 2),
('PH1048', 156, 'Orange', 'Medium', 20.6, 1, 0, 19, 0, 1, '10/02/2016', 5),
('PH1049', 168, 'Black', 'Large', 8.2, 1, 0, 66, 1, 0, '5/28/2015', 3),
('PH105', 80, 'Gray', 'Medium', 18.5, 0, 1, 46, 0, 0, '2/19/2007', 3),
('PH1050', 84, 'White', 'Large', 1.4, 1, 0, 60, 0, 1, '4/15/2015', 4),
('PH1051', 113, 'White', 'Large', 5.8, 0, 1, 66, 1, 0, '05/08/2004', 7),
('PH1052', 76, 'Brown', 'Medium', 18.6, 1, 0, 15, 1, 1, '3/17/2016', 6),
('PH1053', 122, 'Orange', 'Large', 21.6, 1, 0, 85, 0, 0, '03/07/2012', 1),
('PH1054', 143, 'Black', 'Medium', 1.6, 0, 0, 35, 0, 1, '3/20/2015', 4),
('PH1055', 41, 'Gray', 'Medium', 2.1, 1, 0, 69, 0, 1, '12/17/2011', 1),
('PH1056', 167, 'White', 'Large', 27.2, 0, 0, 27, 0, 0, '04/02/2016', 4),
('PH1057', 2, 'Black', 'Small', 3.1, 1, 0, 88, 1, 1, '11/16/2017', 5),
('PH1058', 29, 'Orange', 'Small', 26.9, 1, 0, 7, 1, 0, '05/01/2016', 1),
('PH1059', 105, 'Brown', 'Large', 7.6, 1, 0, 6, 1, 0, '11/19/2016', 1),
('PH106', 7, 'Brown', 'Medium', 16.3, 1, 0, 75, 1, 1, '09/04/2016', 2),
('PH1060', 51, 'White', 'Large', 22.5, 1, 0, 33, 0, 0, '10/24/2017', 2),
('PH1061', 75, 'Black', 'Medium', 10.0, 0, 0, 58, 0, 0, '1/30/2017', 1),
('PH1062', 10, 'Black', 'Large', 25.9, 0, 0, 49, 0, 0, '8/21/2017', 6),
('PH1063', 142, 'Black', 'Medium', 21.3, 0, 0, 17, 0, 0, '11/17/2016', 5),
('PH1064', 51, 'Orange', 'Large', 12.7, 0, 0, 42, 0, 0, '2/24/2010', 4),
('PH1065', 118, 'Orange', 'Small', 3.2, 1, 1, 72, 0, 0, '11/27/2016', 7),
('PH1066', 121, 'Orange', 'Small', 22.2, 0, 1, 40, 0, 0, '8/19/2016', 2),
('PH1067', 39, 'Gray', 'Large', 18.9, 1, 0, 46, 1, 0, '08/07/2018', 2),
('PH1068', 28, 'Black', 'Medium', 1.1, 1, 0, 71, 0, 1, '10/01/2015', 1),
('PH1069', 3, 'White', 'Small', 1.3, 1, 1, 70, 1, 0, '06/05/2016', 5),
('PH107', 14, 'Brown', 'Medium', 17.2, 0, 0, 60, 0, 1, '04/12/2015', 2),
('PH1070', 84, 'Orange', 'Medium', 24.5, 1, 0, 68, 0, 1, '7/13/2016', 5),
('PH1071', 155, 'Orange', 'Large', 8.5, 1, 0, 1, 0, 0, '5/21/2007', 1),
('PH1072', 117, 'Black', 'Large', 19.4, 1, 0, 79, 1, 0, '8/20/2013', 6),
('PH1073', 2, 'Orange', 'Small', 14.2, 0, 0, 89, 1, 0, '7/20/2018', 6),
('PH1074', 93, 'Gray', 'Large', 26.0, 1, 0, 52, 0, 0, '10/20/2016', 7),
('PH1075', 166, 'Gray', 'Small', 27.6, 1, 0, 35, 0, 0, '06/09/2018', 6),
('PH1076', 131, 'Orange', 'Medium', 29.9, 1, 0, 69, 0, 1, '8/15/2006', 1),
('PH1077', 144, 'Black', 'Small', 5.5, 1, 0, 5, 0, 0, '12/26/2013', 1),
('PH1078', 94, 'Black', 'Small', 26.0, 1, 1, 17, 1, 0, '11/21/2017', 2),
('PH1079', 40, 'Black', 'Medium', 8.7, 1, 0, 53, 0, 1, '04/05/2010', 4),
('PH108', 73, 'Gray', 'Small', 29.4, 1, 0, 26, 0, 0, '9/16/2016', 5),
('PH1080', 2, 'Brown', 'Small', 18.1, 1, 0, 52, 0, 1, '05/12/2018', 1),
('PH1081', 81, 'Orange', 'Small', 15.7, 1, 0, 14, 1, 0, '11/28/2016', 1),
('PH1082', 169, 'Black', 'Large', 1.5, 1, 0, 29, 0, 0, '7/23/2018', 1),
('PH1083', 12, 'Gray', 'Medium', 28.1, 1, 0, 8, 0, 1, '07/04/2012', 2),
('PH1084', 163, 'White', 'Small', 3.3, 0, 0, 1, 0, 0, '12/29/2014', 6),
('PH1085', 65, 'White', 'Medium', 21.0, 1, 0, 29, 0, 1, '10/21/2015', 1),
('PH1086', 55, 'Black', 'Medium', 23.8, 1, 0, 36, 0, 1, '2/16/2018', 6),
('PH1087', 45, 'White', 'Small', 24.1, 0, 0, 51, 0, 0, '8/18/2016', 2),
('PH1088', 101, 'White', 'Large', 4.9, 1, 0, 37, 0, 0, '1/14/2017', 3),
('PH1089', 62, 'Brown', 'Medium', 14.0, 1, 0, 69, 1, 1, '8/16/2017', 1),
('PH109', 143, 'White', 'Large', 23.4, 1, 0, 27, 1, 0, '11/17/2016', 1),
('PH1090', 49, 'Gray', 'Small', 25.1, 1, 0, 53, 1, 0, '5/23/2016', 2),
('PH1091', 127, 'Gray', 'Medium', 9.8, 0, 0, 52, 0, 0, '10/14/2017', 2),
('PH1092', 153, 'Brown', 'Large', 14.6, 1, 0, 88, 0, 0, '08/04/2011', 5),
('PH1093', 23, 'Brown', 'Large', 8.9, 1, 0, 83, 0, 1, '11/03/2016', 4),
('PH1094', 152, 'White', 'Large', 14.4, 1, 0, 12, 0, 0, '04/11/2017', 3),
('PH1095', 38, 'Orange', 'Small', 26.7, 1, 0, 52, 1, 0, '10/22/2016', 1),
('PH1096', 28, 'White', 'Small', 14.2, 1, 0, 1, 0, 0, '11/22/2016', 2),
('PH1097', 21, 'Brown', 'Large', 17.1, 0, 1, 7, 0, 0, '7/28/2017', 1),
('PH1098', 107, 'Gray', 'Small', 12.7, 1, 1, 17, 0, 0, '5/17/2018', 1),
('PH1099', 146, 'White', 'Large', 14.3, 0, 0, 43, 0, 0, '10/19/2011', 1),
('PH110', 149, 'Brown', 'Small', 4.1, 1, 0, 38, 0, 0, '9/18/2016', 3),
('PH1100', 164, 'Orange', 'Small', 1.4, 1, 0, 71, 0, 0, '1/22/2019', 7),
('PH1101', 99, 'White', 'Large', 9.2, 1, 0, 17, 1, 0, '10/21/2013', 3),
('PH1102', 173, 'Black', 'Medium', 13.7, 1, 0, 59, 1, 1, '6/13/2016', 3),
('PH1103', 119, 'White', 'Large', 19.4, 0, 0, 3, 1, 0, '11/29/2014', 1),
('PH1104', 73, 'Brown', 'Large', 14.1, 1, 0, 29, 1, 0, '12/09/2012', 3),
('PH1105', 122, 'Gray', 'Small', 10.8, 0, 0, 22, 1, 0, '07/10/2017', 2),
('PH1106', 30, 'Gray', 'Small', 12.3, 1, 0, 38, 0, 0, '07/05/2011', 5),
('PH1107', 108, 'Brown', 'Small', 8.0, 1, 0, 54, 0, 0, '02/09/2017', 2),
('PH1108', 98, 'Black', 'Small', 27.8, 1, 0, 50, 1, 0, '11/04/2015', 2),
('PH1109', 32, 'Brown', 'Small', 16.1, 1, 0, 69, 0, 0, '02/05/2015', 6),
('PH111', 163, 'Black', 'Small', 23.6, 1, 0, 22, 0, 0, '9/17/2017', 3),
('PH1110', 156, 'White', 'Small', 1.4, 0, 0, 30, 0, 0, '07/02/2018', 2),
('PH1111', 172, 'Brown', 'Medium', 1.6, 1, 0, 23, 0, 1, '11/21/2016', 5),
('PH1112', 79, 'Brown', 'Large', 29.2, 1, 0, 85, 0, 0, '6/26/2016', 2),
('PH1113', 41, 'Black', 'Large', 7.4, 1, 0, 47, 0, 0, '05/07/2014', 2),
('PH1114', 63, 'White', 'Large', 24.4, 1, 0, 21, 0, 0, '11/26/2016', 2),
('PH1115', 23, 'Orange', 'Medium', 2.7, 1, 0, 20, 0, 1, '4/20/2016', 7),
('PH1116', 104, 'Orange', 'Large', 27.7, 1, 0, 23, 1, 0, '5/31/2017', 7),
('PH1117', 75, 'Gray', 'Medium', 26.4, 1, 0, 68, 0, 1, '1/31/2014', 1),
('PH1118', 48, 'Brown', 'Medium', 17.6, 1, 0, 21, 1, 1, '9/16/2003', 1),
('PH1119', 160, 'Gray', 'Medium', 1.3, 1, 0, 21, 0, 1, '5/30/2018', 2),
('PH112', 66, 'Gray', 'Small', 5.9, 1, 0, 26, 1, 0, '11/16/2016', 5),
('PH1120', 57, 'Black', 'Large', 8.5, 1, 0, 1, 0, 0, '08/03/2009', 5),
('PH1121', 118, 'Orange', 'Medium', 12.8, 0, 1, 15, 0, 0, '8/26/2017', 5),
('PH1122', 100, 'Brown', 'Large', 14.3, 1, 0, 17, 0, 0, '6/24/2018', 3),
('PH1123', 124, 'Black', 'Large', 9.6, 0, 0, 51, 0, 0, '11/30/2016', 3),
('PH1124', 161, 'Black', 'Small', 2.0, 0, 0, 63, 1, 0, '12/02/2016', 2),
('PH1125', 152, 'Brown', 'Small', 18.1, 1, 1, 14, 1, 0, '02/02/2013', 3),
('PH1126', 167, 'Black', 'Medium', 16.2, 1, 0, 59, 1, 1, '11/18/2016', 2),
('PH1127', 34, 'Brown', 'Medium', 9.2, 0, 0, 83, 0, 0, '9/13/2016', 7),
('PH1128', 156, 'Brown', 'Large', 2.1, 1, 0, 50, 0, 0, '8/17/2015', 5),
('PH1129', 165, 'White', 'Medium', 29.8, 1, 1, 34, 0, 0, '11/14/2015', 1),
('PH113', 91, 'Brown', 'Large', 14.0, 1, 0, 86, 1, 1, '8/13/2014', 4),
('PH1130', 7, 'Gray', 'Medium', 15.0, 1, 0, 6, 0, 1, '03/05/2013', 3),
('PH1131', 165, 'Black', 'Large', 22.9, 1, 0, 49, 0, 0, '12/01/2015', 5),
('PH1132', 56, 'Black', 'Medium', 14.1, 1, 0, 6, 0, 1, '05/06/2016', 5),
('PH1133', 65, 'White', 'Medium', 2.3, 1, 0, 69, 0, 1, '01/05/2016', 1),
('PH1134', 47, 'White', 'Large', 10.0, 0, 1, 7, 0, 0, '8/29/2016', 1),
('PH1135', 148, 'White', 'Large', 10.3, 0, 0, 77, 0, 0, '07/06/2017', 2),
('PH1136', 19, 'Orange', 'Small', 25.3, 0, 0, 51, 0, 0, '8/22/2017', 2),
('PH1137', 157, 'Orange', 'Large', 20.0, 1, 1, 1, 0, 0, '08/03/2016', 4),
('PH1138', 146, 'Orange', 'Small', 9.0, 1, 1, 13, 1, 0, '05/09/2015', 6),
('PH1139', 163, 'Brown', 'Medium', 29.1, 1, 0, 43, 0, 1, '11/02/2017', 5),
('PH114', 130, 'Orange', 'Small', 7.1, 1, 0, 69, 1, 0, '9/13/2016', 5),
('PH1140', 171, 'Black', 'Large', 10.3, 1, 0, 27, 0, 0, '7/25/2017', 5),
('PH1141', 126, 'Gray', 'Large', 29.9, 1, 1, 71, 0, 0, '05/03/2016', 2),
('PH1142', 139, 'Brown', 'Large', 29.9, 0, 0, 3, 0, 0, '5/21/2016', 1),
('PH1143', 49, 'Black', 'Medium', 6.5, 1, 1, 58, 1, 0, '7/25/2016', 2),
('PH1144', 113, 'Black', 'Small', 10.1, 1, 1, 89, 1, 0, '03/01/2016', 6),
('PH1145', 38, 'White', 'Medium', 15.1, 0, 0, 17, 0, 0, '11/10/2016', 2),
('PH1146', 64, 'White', 'Medium', 20.3, 0, 1, 45, 0, 0, '6/25/2018', 2),
('PH1147', 69, 'Brown', 'Large', 16.3, 1, 0, 78, 1, 0, '08/08/2016', 7),
('PH1148', 136, 'White', 'Small', 29.1, 1, 0, 58, 0, 0, '7/15/2009', 6),
('PH1149', 162, 'Black', 'Medium', 22.0, 1, 0, 56, 1, 1, '12/06/2016', 1),
('PH115', 163, 'Black', 'Small', 21.0, 1, 0, 35, 0, 0, '10/11/2017', 1),
('PH1150', 176, 'White', 'Large', 7.1, 1, 1, 54, 0, 0, '07/06/2016', 5),
('PH1151', 116, 'Orange', 'Medium', 4.0, 1, 0, 87, 0, 1, '12/17/2016', 2),
('PH1152', 65, 'White', 'Medium', 21.0, 0, 0, 88, 1, 0, '06/10/1997', 2),
('PH1153', 31, 'Black', 'Large', 5.6, 1, 1, 29, 0, 0, '7/17/2018', 7),
('PH1154', 132, 'Brown', 'Large', 23.8, 1, 0, 54, 0, 0, '9/14/2016', 1),
('PH1155', 113, 'Gray', 'Small', 10.0, 1, 0, 27, 0, 0, '7/16/2015', 7),
('PH1156', 109, 'White', 'Medium', 10.5, 1, 1, 45, 0, 0, '07/12/2017', 7),
('PH1157', 178, 'Black', 'Large', 1.3, 1, 0, 87, 1, 1, '12/24/2015', 4),
('PH1158', 69, 'Gray', 'Large', 21.3, 1, 1, 31, 0, 0, '8/21/2016', 1),
('PH1159', 158, 'Gray', 'Small', 4.3, 1, 1, 36, 0, 0, '12/29/2009', 7),
('PH116', 20, 'Brown', 'Small', 26.4, 1, 0, 66, 0, 1, '09/06/2016', 5),
('PH1160', 120, 'Orange', 'Small', 23.4, 1, 0, 81, 1, 0, '6/25/2018', 5),
('PH1161', 88, 'Gray', 'Large', 15.3, 1, 0, 61, 0, 0, '4/13/2012', 6),
('PH1162', 67, 'Black', 'Small', 23.7, 0, 0, 37, 0, 0, '10/20/2016', 6),
('PH1163', 75, 'Black', 'Large', 17.9, 1, 0, 67, 1, 1, '7/20/2016', 4),
('PH1164', 45, 'White', 'Medium', 3.4, 1, 0, 36, 1, 1, '09/06/2015', 5),
('PH1165', 4, 'White', 'Small', 23.2, 1, 0, 5, 0, 1, '6/20/2015', 3),
('PH1166', 154, 'White', 'Medium', 3.0, 0, 0, 46, 0, 0, '08/05/2015', 6),
('PH1167', 155, 'Gray', 'Medium', 14.9, 1, 0, 79, 1, 1, '04/12/2017', 2),
('PH1168', 174, 'Gray', 'Medium', 6.0, 1, 0, 52, 1, 1, '11/12/2016', 7),
('PH1169', 107, 'Orange', 'Large', 22.8, 1, 0, 49, 1, 0, '1/30/2018', 2),
('PH117', 10, 'Black', 'Small', 9.4, 1, 0, 73, 1, 1, '04/04/2016', 1),
('PH1170', 51, 'White', 'Medium', 27.4, 1, 0, 6, 0, 1, '2/22/2009', 7),
('PH1171', 50, 'Brown', 'Medium', 17.1, 1, 0, 10, 0, 1, '2/15/2017', 5),
('PH1172', 6, 'Orange', 'Medium', 16.3, 1, 0, 23, 0, 1, '12/01/2009', 4),
('PH1173', 59, 'Brown', 'Large', 23.2, 1, 0, 17, 1, 0, '12/12/2016', 6),
('PH1174', 125, 'Gray', 'Medium', 1.1, 1, 0, 84, 1, 1, '3/20/2012', 2),
('PH1175', 143, 'Orange', 'Medium', 27.6, 0, 1, 44, 0, 0, '10/11/2017', 1),
('PH1176', 30, 'Orange', 'Small', 6.7, 0, 0, 41, 0, 0, '06/04/2018', 7),
('PH1177', 170, 'Black', 'Large', 29.5, 1, 0, 15, 0, 0, '12/14/2011', 5),
('PH1178', 122, 'Gray', 'Medium', 22.4, 1, 0, 44, 1, 1, '11/22/2018', 1),
('PH1179', 125, 'Gray', 'Small', 23.5, 1, 0, 58, 0, 0, '8/17/2014', 3),
('PH118', 25, 'Black', 'Medium', 3.4, 1, 0, 51, 0, 1, '3/24/2016', 3),
('PH1180', 37, 'Orange', 'Large', 20.0, 0, 0, 86, 0, 0, '2/27/2016', 5),
('PH1181', 170, 'Gray', 'Large', 14.7, 1, 0, 50, 0, 0, '6/24/2014', 2),
('PH1182', 124, 'Orange', 'Large', 17.6, 1, 0, 52, 0, 0, '4/14/2017', 6),
('PH1183', 101, 'Black', 'Large', 2.3, 0, 0, 70, 0, 0, '10/02/2011', 4),
('PH1184', 35, 'Orange', 'Large', 19.1, 1, 1, 68, 1, 0, '6/25/2016', 3),
('PH1185', 87, 'Gray', 'Large', 19.2, 1, 0, 63, 1, 0, '11/05/2017', 5),
('PH1186', 134, 'Gray', 'Medium', 26.8, 1, 0, 58, 0, 1, '01/01/2018', 7),
('PH1187', 18, 'Orange', 'Medium', 15.7, 1, 1, 23, 0, 1, '06/12/2017', 7),
('PH1188', 113, 'Orange', 'Medium', 3.2, 1, 0, 44, 1, 1, '12/18/2016', 6),
('PH1189', 29, 'Orange', 'Medium', 9.9, 0, 0, 83, 0, 0, '09/06/2017', 2),
('PH119', 25, 'White', 'Small', 9.7, 1, 1, 18, 1, 0, '09/06/2017', 1),
('PH1190', 77, 'White', 'Small', 20.0, 1, 0, 44, 0, 0, '10/16/2016', 6),
('PH1191', 59, 'Gray', 'Medium', 7.9, 0, 0, 52, 1, 0, '12/12/2014', 5),
('PH1192', 175, 'Gray', 'Large', 9.1, 1, 0, 67, 1, 0, '03/09/2016', 3),
('PH1193', 126, 'White', 'Medium', 24.8, 0, 0, 28, 1, 0, '2/26/2011', 3),
('PH1194', 145, 'Orange', 'Medium', 17.9, 1, 0, 67, 0, 1, '7/28/2018', 5),
('PH1195', 109, 'Black', 'Large', 15.7, 1, 0, 78, 0, 0, '12/17/2015', 3),
('PH1196', 22, 'Orange', 'Medium', 10.2, 0, 0, 18, 0, 1, '10/20/2015', 2),
('PH1197', 68, 'Orange', 'Medium', 22.2, 1, 0, 27, 0, 1, '12/21/2010', 1),
('PH1198', 69, 'White', 'Medium', 9.3, 0, 0, 51, 1, 0, '07/05/2017', 2),
('PH1199', 165, 'Gray', 'Small', 22.4, 1, 0, 60, 0, 0, '8/31/2010', 2),
('PH120', 54, 'Black', 'Medium', 20.5, 1, 1, 43, 0, 0, '12/03/2011', 6),
('PH1200', 49, 'Orange', 'Medium', 3.0, 1, 0, 74, 1, 1, '6/23/2011', 3),
('PH1201', 141, 'Gray', 'Large', 26.1, 0, 0, 49, 0, 0, '2/27/2016', 1),
('PH1202', 162, 'Brown', 'Large', 15.5, 0, 0, 15, 0, 0, '6/18/2016', 2),
('PH1203', 109, 'Gray', 'Medium', 13.7, 1, 0, 83, 1, 1, '11/21/2016', 1),
('PH1204', 86, 'Black', 'Medium', 18.7, 0, 0, 73, 0, 0, '03/01/2017', 6),
('PH1205', 53, 'Black', 'Medium', 19.1, 1, 0, 68, 0, 1, '9/16/2013', 1),
('PH1206', 123, 'Orange', 'Large', 4.8, 1, 0, 15, 0, 0, '04/09/2017', 1),
('PH1207', 87, 'Gray', 'Large', 22.9, 1, 0, 51, 0, 0, '08/08/2016', 2),
('PH1208', 179, 'Orange', 'Small', 9.0, 1, 0, 48, 0, 0, '3/20/2017', 6),
('PH1209', 131, 'White', 'Small', 27.2, 1, 0, 72, 0, 1, '8/15/2015', 4),
('PH121', 33, 'White', 'Small', 10.5, 0, 0, 12, 0, 0, '07/10/2016', 2),
('PH1210', 42, 'Black', 'Small', 24.7, 1, 0, 1, 0, 0, '10/20/2016', 6),
('PH1211', 98, 'Orange', 'Large', 11.0, 0, 0, 7, 1, 0, '2/28/2016', 1),
('PH1212', 160, 'White', 'Small', 24.4, 0, 0, 53, 0, 0, '06/04/2018', 2),
('PH1213', 109, 'Orange', 'Medium', 11.3, 0, 1, 31, 0, 0, '05/06/2016', 1),
('PH1214', 51, 'Gray', 'Medium', 3.9, 0, 0, 18, 0, 0, '8/31/2013', 1),
('PH1215', 85, 'Gray', 'Large', 28.9, 0, 0, 12, 0, 0, '10/15/2016', 2),
('PH1216', 174, 'Gray', 'Small', 19.9, 1, 1, 48, 0, 0, '09/11/2018', 1),
('PH1217', 127, 'Gray', 'Medium', 14.2, 1, 0, 30, 0, 1, '4/18/2012', 7),
('PH1218', 21, 'Brown', 'Large', 12.5, 1, 0, 7, 0, 1, '01/04/2018', 1),
('PH1219', 44, 'White', 'Small', 10.4, 0, 0, 3, 1, 0, '11/09/2016', 3),
('PH122', 164, 'Gray', 'Large', 9.1, 0, 0, 3, 1, 0, '11/17/2017', 3),
('PH1220', 139, 'White', 'Medium', 29.5, 1, 0, 63, 1, 1, '5/17/2018', 5),
('PH1221', 103, 'Gray', 'Small', 4.9, 1, 0, 6, 1, 0, '8/31/2016', 6),
('PH1222', 68, 'Brown', 'Large', 10.1, 1, 0, 15, 0, 1, '09/11/2016', 4),
('PH1223', 129, 'Gray', 'Small', 15.1, 1, 0, 71, 0, 1, '7/31/2003', 4),
('PH1224', 92, 'Brown', 'Large', 14.9, 1, 0, 43, 1, 1, '04/01/2013', 4),
('PH1225', 24, 'Gray', 'Small', 14.7, 1, 0, 81, 0, 0, '10/18/2015', 3),
('PH1226', 125, 'Black', 'Medium', 6.1, 1, 0, 18, 1, 1, '9/18/2017', 2),
('PH1227', 141, 'Black', 'Large', 5.2, 0, 1, 22, 0, 0, '03/04/2018', 5),
('PH1228', 111, 'Orange', 'Large', 8.4, 1, 0, 61, 0, 0, '3/18/2015', 1),
('PH1229', 98, 'Gray', 'Large', 27.5, 1, 1, 61, 1, 0, '2/23/2016', 1),
('PH123', 95, 'White', 'Medium', 6.3, 1, 0, 82, 0, 1, '11/07/2018', 1),
('PH1230', 139, 'White', 'Small', 4.3, 0, 0, 53, 1, 0, '10/20/2016', 1),
('PH1231', 179, 'Orange', 'Small', 23.0, 1, 0, 26, 1, 0, '2/13/2014', 5),
('PH1232', 17, 'Black', 'Medium', 23.0, 1, 0, 40, 1, 1, '9/16/2017', 2),
('PH1233', 99, 'Gray', 'Large', 24.5, 1, 0, 88, 0, 0, '10/01/2014', 2),
('PH1234', 82, 'Orange', 'Large', 26.7, 0, 1, 8, 0, 0, '11/08/2016', 1),
('PH1235', 104, 'Gray', 'Small', 8.6, 1, 1, 21, 1, 0, '1/13/2015', 6),
('PH1236', 152, 'Black', 'Small', 7.5, 1, 0, 43, 0, 0, '06/03/2017', 6),
('PH1237', 19, 'Orange', 'Medium', 14.5, 1, 0, 21, 0, 1, '07/05/2018', 1),
('PH1238', 165, 'Black', 'Medium', 8.7, 0, 0, 3, 0, 0, '8/26/2016', 3),
('PH1239', 85, 'Brown', 'Small', 22.3, 1, 1, 31, 0, 0, '03/01/2017', 1),
('PH124', 14, 'Orange', 'Medium', 15.4, 0, 0, 7, 0, 1, '3/23/2014', 2),
('PH1240', 8, 'Black', 'Large', 19.4, 1, 0, 27, 0, 1, '11/15/2013', 4),
('PH1241', 28, 'Gray', 'Medium', 26.4, 1, 0, 27, 0, 1, '11/17/2012', 7),
('PH1242', 5, 'White', 'Small', 3.4, 0, 0, 73, 1, 0, '1/26/2017', 3),
('PH1243', 145, 'Black', 'Small', 27.5, 1, 0, 57, 1, 0, '11/11/2014', 3),
('PH1244', 101, 'White', 'Large', 9.5, 1, 1, 33, 0, 0, '12/25/2014', 2),
('PH1245', 164, 'Brown', 'Small', 15.2, 0, 0, 44, 0, 0, '7/16/2016', 6),
('PH1246', 118, 'Orange', 'Small', 13.7, 1, 0, 43, 0, 0, '1/26/2019', 2),
('PH1247', 147, 'Orange', 'Medium', 23.0, 1, 0, 31, 0, 1, '03/03/2018', 1),
('PH1248', 64, 'White', 'Small', 13.2, 1, 0, 65, 0, 0, '12/20/2016', 2),
('PH1249', 91, 'Orange', 'Small', 28.4, 1, 0, 84, 0, 0, '3/23/2017', 1),
('PH125', 65, 'Brown', 'Medium', 9.0, 1, 0, 6, 0, 1, '6/23/2018', 1),
('PH1250', 117, 'Black', 'Medium', 27.2, 0, 0, 76, 0, 1, '06/06/2016', 4),
('PH1251', 98, 'White', 'Large', 26.3, 1, 0, 17, 0, 0, '07/02/2013', 1),
('PH1252', 11, 'Gray', 'Large', 3.1, 1, 1, 15, 0, 0, '12/26/2016', 7),
('PH1253', 54, 'Black', 'Medium', 25.8, 1, 0, 34, 0, 1, '04/10/2017', 2),
('PH1254', 173, 'Black', 'Medium', 23.7, 1, 0, 80, 0, 1, '12/27/2016', 6),
('PH1255', 47, 'Black', 'Large', 4.0, 0, 0, 4, 0, 0, '1/20/2018', 7),
('PH1256', 140, 'Gray', 'Large', 4.1, 1, 0, 72, 0, 0, '11/25/2016', 3),
('PH1257', 149, 'Brown', 'Large', 3.9, 1, 0, 89, 1, 0, '10/12/2016', 1),
('PH1258', 139, 'Orange', 'Large', 1.3, 1, 1, 79, 0, 0, '10/09/2017', 5),
('PH1259', 5, 'White', 'Large', 16.9, 1, 0, 28, 1, 1, '09/02/2016', 7),
('PH126', 110, 'Gray', 'Medium', 22.2, 0, 0, 82, 0, 1, '10/22/2015', 4),
('PH1260', 20, 'Brown', 'Medium', 29.2, 1, 0, 73, 0, 1, '05/03/2017', 1),
('PH1261', 169, 'White', 'Small', 13.7, 0, 0, 2, 1, 0, '12/02/2017', 2),
('PH1262', 46, 'Orange', 'Large', 16.7, 0, 0, 17, 0, 0, '02/10/2017', 6),
('PH1263', 12, 'Gray', 'Large', 29.1, 0, 0, 58, 1, 0, '08/02/2016', 1),
('PH1264', 70, 'Black', 'Small', 8.4, 1, 0, 74, 0, 0, '01/09/2017', 3),
('PH1265', 17, 'Black', 'Small', 25.9, 0, 0, 9, 1, 0, '08/09/2018', 5),
('PH1266', 115, 'Gray', 'Small', 16.8, 0, 0, 31, 0, 0, '08/10/2016', 6),
('PH1267', 147, 'Brown', 'Small', 17.5, 1, 0, 66, 0, 0, '4/29/2017', 1),
('PH1268', 154, 'Brown', 'Small', 11.0, 0, 0, 88, 1, 0, '7/22/2016', 5),
('PH1269', 48, 'White', 'Small', 17.3, 1, 0, 62, 0, 0, '07/01/2011', 3),
('PH127', 80, 'Gray', 'Large', 3.2, 1, 0, 45, 0, 0, '10/26/2017', 2),
('PH1270', 108, 'Gray', 'Medium', 3.1, 1, 0, 19, 1, 1, '5/28/2017', 3),
('PH1271', 52, 'Brown', 'Small', 23.2, 0, 0, 81, 0, 0, '08/06/2016', 2),
('PH1272', 96, 'Gray', 'Small', 9.3, 1, 1, 74, 0, 0, '8/16/2018', 2),
('PH1273', 70, 'Orange', 'Medium', 26.7, 0, 0, 55, 1, 0, '2/26/2018', 5),
('PH1274', 102, 'Black', 'Small', 11.7, 1, 0, 28, 0, 0, '10/26/2016', 1),
('PH1275', 75, 'Black', 'Large', 5.1, 1, 0, 50, 0, 0, '1/18/2016', 7),
('PH1276', 161, 'Black', 'Large', 21.2, 0, 1, 65, 1, 0, '08/02/2018', 1),
('PH1277', 151, 'Gray', 'Small', 5.8, 0, 1, 3, 1, 0, '11/27/2016', 6),
('PH1278', 143, 'Gray', 'Medium', 22.9, 1, 0, 79, 1, 1, '6/15/2016', 1),
('PH1279', 155, 'White', 'Large', 29.1, 0, 0, 52, 0, 0, '11/12/2015', 1),
('PH128', 54, 'Orange', 'Small', 20.3, 1, 0, 86, 0, 0, '7/16/2017', 2),
('PH1280', 179, 'Black', 'Medium', 23.6, 0, 1, 10, 0, 0, '8/14/2008', 5),
('PH1281', 82, 'White', 'Large', 1.7, 1, 0, 21, 0, 0, '02/11/2012', 5),
('PH1282', 92, 'Black', 'Small', 18.4, 1, 0, 37, 0, 0, '01/01/2018', 7),
('PH1283', 179, 'White', 'Medium', 21.2, 1, 1, 15, 1, 0, '01/06/2018', 1),
('PH1284', 175, 'White', 'Medium', 24.9, 1, 0, 87, 0, 1, '04/08/2017', 2),
('PH1285', 4, 'Orange', 'Medium', 2.6, 1, 0, 78, 0, 1, '02/10/2013', 1),
('PH1286', 135, 'White', 'Large', 14.9, 0, 1, 79, 0, 0, '3/13/2013', 2),
('PH1287', 109, 'Gray', 'Large', 16.5, 1, 0, 74, 1, 0, '10/09/2004', 2),
('PH1288', 163, 'White', 'Large', 5.9, 1, 0, 9, 1, 0, '9/18/2012', 7),
('PH1289', 48, 'Black', 'Small', 10.4, 1, 0, 44, 0, 0, '02/07/2017', 1),
('PH129', 125, 'White', 'Medium', 7.9, 1, 0, 39, 0, 1, '7/21/2016', 5),
('PH1290', 73, 'White', 'Large', 13.8, 1, 0, 39, 0, 0, '6/13/2018', 3),
('PH1291', 72, 'Brown', 'Small', 25.2, 0, 0, 5, 1, 0, '5/14/2017', 2),
('PH1292', 116, 'Black', 'Medium', 28.0, 0, 0, 25, 0, 0, '08/11/2015', 5),
('PH1293', 173, 'Brown', 'Medium', 19.2, 1, 0, 56, 0, 1, '06/11/2016', 1),
('PH1294', 81, 'Black', 'Small', 12.5, 1, 1, 64, 0, 0, '5/27/2018', 2),
('PH1295', 81, 'Gray', 'Large', 8.4, 1, 0, 72, 0, 0, '12/13/2014', 1),
('PH1296', 113, 'Gray', 'Small', 29.5, 0, 0, 86, 0, 0, '3/24/2018', 1),
('PH1297', 96, 'Gray', 'Medium', 29.5, 1, 0, 52, 1, 1, '01/07/2019', 2),
('PH1298', 72, 'Brown', 'Medium', 27.8, 1, 0, 89, 0, 1, '04/12/2016', 4),
('PH1299', 147, 'Orange', 'Small', 23.8, 1, 0, 76, 0, 0, '2/27/2016', 5),
('PH130', 131, 'Brown', 'Large', 15.2, 1, 0, 51, 1, 0, '7/13/2017', 1),
('PH1300', 63, 'Black', 'Large', 10.4, 1, 1, 9, 1, 0, '11/30/2017', 7),
('PH1301', 38, 'Gray', 'Large', 24.7, 1, 0, 10, 1, 1, '10/01/2018', 4),
('PH1302', 67, 'Black', 'Small', 12.9, 0, 0, 10, 0, 0, '6/21/2016', 6),
('PH1303', 69, 'Brown', 'Small', 10.5, 1, 0, 73, 0, 0, '11/05/2006', 6),
('PH1304', 13, 'Orange', 'Large', 22.6, 1, 0, 62, 0, 1, '12/21/2016', 1),
('PH1305', 175, 'Brown', 'Medium', 3.3, 0, 0, 60, 0, 0, '09/12/2018', 1),
('PH1306', 31, 'Black', 'Small', 2.4, 0, 0, 19, 0, 0, '06/10/2011', 6),
('PH1307', 114, 'Orange', 'Large', 14.0, 1, 0, 38, 0, 0, '11/01/2017', 5),
('PH1308', 22, 'Orange', 'Large', 13.9, 1, 1, 6, 0, 0, '1/18/2017', 1),
('PH1309', 93, 'Brown', 'Medium', 27.0, 1, 0, 15, 0, 1, '6/17/2017', 4),
('PH131', 169, 'White', 'Medium', 9.3, 0, 0, 9, 0, 0, '12/19/2016', 1),
('PH1310', 171, 'Gray', 'Medium', 4.7, 0, 0, 47, 0, 0, '07/03/2016', 6),
('PH1311', 67, 'Black', 'Medium', 4.6, 1, 0, 45, 0, 1, '03/11/2013', 2),
('PH1312', 54, 'White', 'Medium', 5.3, 1, 0, 5, 0, 1, '6/26/2017', 1),
('PH1313', 138, 'White', 'Medium', 1.9, 1, 0, 78, 0, 1, '1/25/2017', 1),
('PH1314', 42, 'Brown', 'Small', 3.1, 1, 0, 53, 0, 0, '12/19/2016', 1),
('PH1315', 64, 'Black', 'Large', 20.1, 1, 0, 66, 0, 0, '02/01/2017', 6),
('PH1316', 126, 'Black', 'Small', 13.5, 1, 1, 62, 0, 0, '08/04/2017', 7),
('PH1317', 21, 'Brown', 'Small', 23.1, 1, 0, 23, 0, 1, '06/07/2017', 4),
('PH1318', 169, 'Black', 'Small', 29.8, 1, 0, 44, 0, 0, '6/26/2016', 5),
('PH1319', 152, 'Gray', 'Small', 20.1, 1, 1, 52, 1, 0, '6/18/2017', 2),
('PH132', 134, 'Black', 'Small', 22.0, 0, 0, 23, 1, 0, '06/07/2018', 3),
('PH1320', 35, 'Brown', 'Small', 2.5, 1, 0, 46, 1, 0, '08/01/2018', 3),
('PH1321', 30, 'Gray', 'Medium', 4.0, 1, 0, 19, 0, 1, '6/23/2016', 7),
('PH1322', 57, 'Black', 'Medium', 26.5, 1, 1, 88, 1, 0, '01/09/2019', 5),
('PH1323', 47, 'Brown', 'Large', 16.3, 1, 0, 84, 0, 0, '08/03/2014', 1),
('PH1324', 163, 'Black', 'Small', 24.9, 1, 0, 47, 0, 0, '2/14/2019', 1),
('PH1325', 19, 'Brown', 'Large', 25.8, 1, 0, 52, 1, 1, '10/08/2015', 2),
('PH1326', 114, 'Black', 'Medium', 27.9, 1, 0, 24, 0, 1, '6/26/2016', 4),
('PH1327', 8, 'Gray', 'Medium', 28.5, 1, 0, 17, 0, 1, '1/30/2011', 5),
('PH1328', 26, 'Gray', 'Medium', 17.1, 1, 0, 89, 0, 1, '12/04/2017', 1),
('PH1329', 113, 'Black', 'Small', 10.9, 0, 0, 46, 0, 0, '08/03/2017', 7),
('PH133', 25, 'White', 'Medium', 28.4, 1, 0, 12, 0, 1, '02/04/2016', 1),
('PH1330', 71, 'Brown', 'Small', 28.9, 1, 0, 64, 0, 0, '03/09/2017', 2),
('PH1331', 30, 'White', 'Medium', 16.9, 0, 0, 28, 0, 0, '5/31/2015', 6),
('PH1332', 135, 'Gray', 'Large', 2.9, 0, 1, 50, 0, 0, '6/21/2011', 2),
('PH1333', 67, 'Gray', 'Large', 19.6, 1, 1, 64, 0, 0, '04/04/2013', 6),
('PH1334', 65, 'White', 'Medium', 18.0, 0, 0, 28, 0, 1, '10/04/2012', 4),
('PH1335', 36, 'Black', 'Large', 27.0, 1, 1, 86, 1, 0, '8/19/2018', 2),
('PH1336', 25, 'Brown', 'Medium', 19.9, 0, 0, 56, 1, 1, '12/03/2008', 4),
('PH1337', 37, 'Black', 'Large', 11.1, 0, 0, 59, 0, 0, '1/16/2006', 5),
('PH1338', 1, 'Orange', 'Medium', 29.0, 1, 0, 5, 0, 1, '08/08/2016', 3),
('PH1339', 143, 'Gray', 'Large', 24.2, 1, 0, 54, 1, 1, '7/22/2014', 4),
('PH134', 141, 'Gray', 'Large', 27.6, 1, 0, 88, 0, 1, '6/30/2017', 4),
('PH1340', 37, 'Orange', 'Small', 19.3, 1, 1, 44, 0, 0, '05/05/2016', 2),
('PH1341', 141, 'Gray', 'Medium', 9.5, 1, 0, 42, 0, 1, '2/27/2017', 2),
('PH1342', 136, 'Gray', 'Medium', 11.8, 0, 0, 72, 0, 0, '07/01/2015', 2),
('PH1343', 133, 'Orange', 'Large', 20.4, 1, 0, 57, 1, 0, '8/19/2016', 1),
('PH1344', 128, 'Orange', 'Medium', 3.1, 1, 0, 47, 0, 1, '9/13/2017', 5),
('PH1345', 127, 'Black', 'Medium', 8.4, 1, 0, 76, 0, 1, '01/09/2015', 4),
('PH1346', 1, 'Orange', 'Medium', 21.7, 1, 1, 25, 0, 1, '3/14/2018', 1),
('PH1347', 164, 'Black', 'Small', 14.9, 1, 0, 44, 0, 0, '07/06/2018', 2),
('PH1348', 35, 'Black', 'Small', 12.7, 1, 0, 15, 0, 0, '11/23/2014', 5),
('PH1349', 104, 'Black', 'Large', 5.4, 1, 0, 51, 0, 0, '4/22/2016', 2),
('PH135', 117, 'Brown', 'Small', 17.9, 1, 0, 62, 0, 0, '12/28/2011', 2),
('PH1350', 23, 'Gray', 'Small', 13.8, 1, 0, 53, 0, 1, '3/25/2017', 1),
('PH1351', 9, 'Gray', 'Large', 23.4, 1, 0, 34, 0, 1, '2/28/2018', 6),
('PH1352', 34, 'Orange', 'Small', 8.7, 0, 0, 77, 0, 0, '7/26/2012', 1),
('PH1353', 174, 'Gray', 'Large', 1.2, 1, 0, 8, 1, 0, '11/16/2017', 5),
('PH1354', 128, 'Orange', 'Small', 20.4, 1, 0, 77, 1, 0, '12/23/2012', 5),
('PH1355', 4, 'Gray', 'Small', 29.2, 1, 1, 70, 0, 0, '10/04/2017', 1),
('PH1356', 158, 'Brown', 'Large', 18.6, 1, 0, 21, 0, 0, '10/05/2015', 2),
('PH1357', 102, 'Brown', 'Medium', 4.5, 0, 0, 7, 0, 0, '03/01/2018', 2),
('PH1358', 75, 'Orange', 'Medium', 10.3, 1, 1, 79, 0, 0, '12/26/2016', 1),
('PH1359', 99, 'Gray', 'Small', 26.2, 1, 0, 56, 1, 0, '08/10/2018', 2),
('PH136', 136, 'White', 'Large', 14.4, 1, 0, 73, 1, 0, '5/21/2014', 1),
('PH1360', 72, 'Gray', 'Large', 7.7, 0, 0, 49, 0, 0, '08/02/2016', 2),
('PH1361', 3, 'Black', 'Medium', 18.6, 1, 0, 42, 0, 1, '09/08/2018', 3),
('PH1362', 142, 'White', 'Large', 12.7, 1, 0, 23, 1, 0, '5/17/2012', 5),
('PH1363', 173, 'Orange', 'Medium', 7.0, 1, 0, 52, 1, 1, '1/24/2011', 1),
('PH1364', 34, 'White', 'Large', 24.6, 1, 0, 79, 0, 0, '8/16/2014', 7),
('PH1365', 45, 'White', 'Small', 22.5, 1, 1, 53, 0, 0, '3/31/2016', 5),
('PH1366', 61, 'Orange', 'Large', 20.2, 0, 1, 16, 0, 0, '06/01/2014', 5),
('PH1367', 83, 'Gray', 'Medium', 7.9, 1, 0, 37, 1, 1, '07/05/2017', 5),
('PH1368', 123, 'Orange', 'Small', 3.8, 1, 0, 18, 1, 0, '07/01/2016', 7),
('PH1369', 102, 'White', 'Large', 17.7, 0, 1, 20, 0, 0, '01/10/2017', 1),
('PH137', 149, 'Brown', 'Small', 24.7, 1, 0, 77, 1, 0, '03/04/2006', 1),
('PH1370', 16, 'Gray', 'Medium', 17.1, 1, 0, 46, 0, 1, '4/16/2017', 2),
('PH1371', 66, 'Brown', 'Small', 6.5, 1, 0, 2, 0, 0, '1/14/2018', 5),
('PH1372', 168, 'Orange', 'Large', 2.6, 1, 0, 87, 0, 0, '7/14/2011', 7),
('PH1373', 145, 'Orange', 'Medium', 3.3, 1, 1, 63, 0, 0, '08/04/2016', 1),
('PH1374', 119, 'Gray', 'Large', 29.8, 1, 0, 3, 0, 0, '12/16/2018', 1),
('PH1375', 162, 'Brown', 'Large', 23.7, 1, 0, 46, 0, 1, '7/26/2017', 4),
('PH1376', 124, 'Brown', 'Small', 27.7, 1, 0, 49, 1, 0, '7/19/2017', 1),
('PH1377', 144, 'Gray', 'Small', 6.7, 0, 1, 1, 0, 0, '05/05/2016', 2),
('PH1378', 102, 'Black', 'Medium', 28.9, 1, 0, 22, 0, 1, '9/17/2015', 5),
('PH1379', 66, 'Orange', 'Small', 5.1, 1, 0, 14, 0, 0, '09/07/2018', 3),
('PH138', 25, 'Brown', 'Small', 20.8, 1, 0, 40, 1, 0, '6/20/2018', 1),
('PH1380', 13, 'Orange', 'Medium', 15.8, 1, 0, 85, 1, 1, '9/26/2011', 5),
('PH1381', 111, 'White', 'Large', 25.1, 1, 0, 45, 0, 0, '05/10/2014', 6),
('PH1382', 159, 'Gray', 'Large', 11.1, 1, 0, 6, 1, 0, '10/10/2005', 5),
('PH1383', 34, 'White', 'Medium', 13.3, 1, 1, 65, 0, 0, '04/06/2015', 2),
('PH1384', 39, 'White', 'Large', 4.7, 0, 0, 21, 1, 0, '04/12/2011', 1),
('PH1385', 136, 'Brown', 'Small', 4.6, 1, 0, 4, 1, 0, '01/08/2010', 2),
('PH1386', 120, 'Orange', 'Large', 19.0, 0, 0, 3, 0, 0, '12/09/2017', 1),
('PH1387', 126, 'White', 'Small', 20.6, 1, 0, 30, 1, 0, '10/26/2014', 5),
('PH1388', 55, 'Brown', 'Medium', 23.5, 1, 0, 31, 0, 1, '6/27/2017', 2),
('PH1389', 27, 'Gray', 'Medium', 17.1, 1, 0, 34, 0, 1, '10/17/2008', 3),
('PH139', 79, 'Black', 'Small', 6.3, 1, 0, 54, 0, 0, '11/29/2012', 6),
('PH1390', 118, 'White', 'Large', 19.7, 0, 1, 83, 0, 0, '09/02/2008', 4),
('PH1391', 53, 'Orange', 'Large', 1.4, 1, 0, 20, 0, 0, '03/03/2017', 2),
('PH1392', 39, 'White', 'Small', 5.7, 0, 0, 87, 1, 0, '01/04/2017', 5),
('PH1393', 65, 'Gray', 'Small', 29.6, 0, 0, 54, 1, 0, '6/17/2016', 5),
('PH1394', 145, 'White', 'Large', 3.2, 1, 0, 25, 0, 0, '6/18/2015', 3),
('PH1395', 158, 'Orange', 'Large', 20.7, 1, 0, 15, 0, 0, '5/16/2015', 1),
('PH1396', 13, 'Brown', 'Medium', 6.1, 0, 0, 38, 0, 1, '4/13/2013', 2),
('PH1397', 21, 'Orange', 'Medium', 21.8, 0, 0, 23, 0, 1, '11/06/2018', 4),
('PH1398', 147, 'Brown', 'Medium', 21.5, 1, 0, 52, 0, 1, '06/09/2018', 1),
('PH1399', 53, 'Black', 'Large', 7.8, 1, 0, 66, 1, 0, '3/23/2015', 7),
('PH140', 68, 'Black', 'Medium', 24.8, 0, 0, 81, 0, 0, '04/09/2016', 6),
('PH1400', 19, 'Orange', 'Large', 8.8, 0, 0, 57, 0, 0, '12/31/2016', 2),
('PH1401', 57, 'Orange', 'Large', 20.0, 1, 0, 57, 0, 0, '4/30/2016', 5),
('PH1402', 25, 'Gray', 'Medium', 12.3, 1, 1, 79, 1, 0, '4/18/2013', 1),
('PH1403', 31, 'White', 'Large', 6.6, 1, 0, 52, 0, 0, '10/27/2015', 2),
('PH1404', 81, 'Brown', 'Small', 22.2, 1, 1, 35, 0, 0, '01/01/2016', 4),
('PH1405', 23, 'Brown', 'Large', 5.5, 0, 0, 74, 0, 0, '01/03/2017', 1),
('PH1406', 32, 'Gray', 'Large', 25.8, 1, 0, 14, 0, 0, '8/21/2018', 1),
('PH1407', 74, 'Gray', 'Large', 15.9, 1, 0, 14, 1, 0, '6/23/2011', 6),
('PH1408', 10, 'White', 'Large', 4.1, 1, 0, 33, 0, 1, '11/21/2004', 2),
('PH1409', 54, 'White', 'Large', 21.1, 1, 0, 52, 0, 0, '9/16/2014', 1),
('PH141', 173, 'Gray', 'Large', 13.4, 1, 0, 7, 1, 0, '6/26/2018', 7),
('PH1410', 52, 'Orange', 'Small', 16.1, 1, 0, 1, 0, 0, '07/04/2017', 6),
('PH1411', 148, 'Black', 'Small', 9.6, 0, 0, 34, 0, 0, '7/13/2018', 1),
('PH1412', 160, 'White', 'Large', 13.3, 0, 0, 19, 1, 0, '08/04/2015', 7),
('PH1413', 114, 'Gray', 'Medium', 9.7, 0, 0, 24, 1, 0, '1/16/2015', 6),
('PH1414', 14, 'White', 'Large', 8.6, 1, 1, 4, 1, 1, '07/03/2017', 4),
('PH1415', 178, 'Brown', 'Large', 5.7, 1, 0, 36, 0, 0, '10/01/2018', 2),
('PH1416', 156, 'Black', 'Large', 11.5, 1, 0, 77, 0, 1, '1/18/2011', 4),
('PH1417', 110, 'Orange', 'Medium', 8.3, 0, 0, 58, 0, 0, '11/24/2016', 7),
('PH1418', 53, 'Brown', 'Medium', 20.8, 1, 1, 32, 0, 0, '12/10/2014', 2),
('PH1419', 152, 'Brown', 'Medium', 20.8, 1, 0, 9, 0, 1, '6/23/2016', 7),
('PH142', 12, 'Orange', 'Large', 6.5, 1, 0, 17, 1, 1, '7/13/2017', 4),
('PH1420', 79, 'Black', 'Small', 15.6, 1, 0, 80, 0, 0, '02/02/2017', 3),
('PH1421', 22, 'Orange', 'Medium', 23.6, 1, 0, 67, 1, 1, '7/25/2018', 5),
('PH1422', 30, 'Gray', 'Small', 25.4, 0, 0, 20, 0, 0, '8/21/2014', 2),
('PH1423', 4, 'Orange', 'Small', 17.8, 1, 0, 74, 0, 1, '12/24/2008', 2),
('PH1424', 59, 'White', 'Medium', 18.9, 1, 0, 62, 0, 1, '6/25/2006', 6),
('PH1425', 8, 'Brown', 'Medium', 9.2, 0, 1, 58, 0, 0, '4/26/2016', 1),
('PH1426', 12, 'White', 'Medium', 27.0, 1, 1, 22, 0, 1, '12/30/2011', 4),
('PH1427', 119, 'Gray', 'Small', 1.7, 0, 0, 67, 0, 0, '8/28/2011', 7),
('PH1428', 159, 'White', 'Large', 11.1, 1, 1, 75, 0, 0, '9/15/2016', 2),
('PH1429', 34, 'Orange', 'Medium', 21.9, 1, 0, 89, 0, 1, '12/20/2015', 1),
('PH143', 32, 'Brown', 'Large', 9.2, 0, 1, 50, 1, 0, '8/22/2016', 6),
('PH1430', 82, 'White', 'Medium', 3.3, 0, 1, 48, 1, 0, '10/25/2017', 2),
('PH1431', 98, 'Gray', 'Medium', 6.3, 1, 0, 8, 0, 1, '3/25/2018', 2),
('PH1432', 127, 'Gray', 'Small', 18.1, 1, 0, 73, 0, 0, '03/08/2015', 2),
('PH1433', 75, 'Gray', 'Small', 17.2, 0, 1, 15, 0, 0, '2/24/2017', 3),
('PH1434', 105, 'Orange', 'Large', 22.4, 1, 1, 32, 0, 0, '02/09/2017', 1),
('PH1435', 49, 'Gray', 'Medium', 24.6, 0, 0, 53, 1, 0, '7/29/2018', 2),
('PH1436', 79, 'Brown', 'Small', 4.7, 1, 0, 67, 0, 1, '1/17/2017', 4),
('PH1437', 93, 'Gray', 'Large', 1.5, 0, 0, 4, 0, 0, '2/17/2016', 1),
('PH1438', 154, 'White', 'Medium', 21.0, 0, 1, 30, 1, 0, '8/27/2015', 4),
('PH1439', 18, 'White', 'Small', 9.7, 0, 0, 13, 0, 0, '08/10/2013', 7),
('PH144', 128, 'Orange', 'Small', 8.8, 1, 1, 24, 0, 0, '1/23/2019', 2),
('PH1440', 96, 'White', 'Medium', 19.2, 0, 0, 21, 0, 0, '6/19/2007', 2),
('PH1441', 38, 'Orange', 'Medium', 5.4, 1, 0, 41, 0, 1, '08/03/2016', 1),
('PH1442', 87, 'White', 'Small', 14.6, 0, 0, 19, 0, 0, '02/11/2017', 1),
('PH1443', 88, 'Orange', 'Small', 15.6, 1, 0, 48, 1, 0, '3/20/2014', 6),
('PH1444', 50, 'Orange', 'Small', 18.0, 0, 0, 86, 0, 0, '7/14/2014', 1),
('PH1445', 8, 'Gray', 'Medium', 15.9, 0, 0, 63, 0, 1, '7/28/2018', 3),
('PH1446', 169, 'Brown', 'Medium', 15.4, 1, 0, 20, 0, 1, '10/02/2016', 7),
('PH1447', 134, 'Gray', 'Large', 10.6, 1, 0, 64, 0, 0, '1/23/2011', 3),
('PH1448', 69, 'Gray', 'Medium', 3.1, 1, 0, 37, 0, 1, '7/15/2010', 1),
('PH1449', 172, 'Orange', 'Small', 3.6, 1, 0, 31, 0, 0, '06/04/2014', 1),
('PH145', 96, 'Gray', 'Medium', 16.1, 0, 0, 2, 1, 0, '6/25/2012', 2),
('PH1450', 121, 'Orange', 'Medium', 13.6, 0, 0, 74, 0, 0, '08/10/2016', 6),
('PH1451', 64, 'White', 'Large', 11.3, 1, 0, 18, 0, 0, '11/22/2014', 2),
('PH1452', 157, 'White', 'Large', 16.0, 0, 0, 20, 1, 0, '04/05/2017', 1),
('PH1453', 156, 'Gray', 'Small', 9.8, 0, 0, 82, 0, 0, '2/17/2015', 7),
('PH1454', 139, 'Black', 'Small', 20.9, 1, 0, 11, 0, 0, '4/19/2015', 1),
('PH1455', 121, 'Black', 'Large', 26.1, 1, 0, 86, 0, 0, '05/02/2015', 1),
('PH1456', 65, 'White', 'Large', 9.7, 1, 0, 44, 1, 0, '7/17/2013', 6),
('PH1457', 107, 'Black', 'Large', 6.6, 0, 1, 82, 1, 0, '08/03/2016', 6),
('PH1458', 147, 'White', 'Small', 4.4, 1, 0, 64, 1, 1, '1/28/2019', 4),
('PH1459', 137, 'Orange', 'Large', 18.9, 1, 1, 34, 0, 0, '9/15/2014', 2),
('PH146', 92, 'Brown', 'Small', 7.8, 1, 1, 83, 0, 0, '11/22/2016', 2),
('PH1460', 155, 'Gray', 'Large', 13.9, 1, 0, 87, 1, 0, '11/26/2010', 1),
('PH1461', 162, 'Brown', 'Small', 6.5, 0, 1, 65, 0, 0, '11/12/2016', 6),
('PH1462', 172, 'Gray', 'Medium', 19.9, 0, 0, 55, 0, 0, '05/05/2018', 7),
('PH1463', 100, 'White', 'Medium', 5.3, 1, 0, 74, 0, 1, '8/13/2016', 1),
('PH1464', 82, 'White', 'Large', 17.1, 1, 1, 1, 1, 0, '11/18/2015', 4),
('PH1465', 143, 'Gray', 'Medium', 16.3, 1, 0, 38, 1, 1, '7/13/2015', 3),
('PH1466', 51, 'White', 'Medium', 22.3, 1, 0, 9, 1, 1, '10/14/2013', 6),
('PH1467', 141, 'Black', 'Medium', 2.6, 0, 0, 71, 1, 0, '07/12/2017', 2),
('PH1468', 83, 'Black', 'Medium', 26.7, 1, 1, 17, 0, 0, '11/21/2011', 2),
('PH1469', 177, 'White', 'Large', 21.4, 1, 0, 52, 0, 0, '2/16/2017', 3),
('PH147', 141, 'Brown', 'Large', 4.6, 1, 0, 33, 0, 0, '11/11/2011', 2),
('PH1470', 112, 'White', 'Medium', 7.3, 0, 0, 18, 0, 0, '6/27/2011', 2),
('PH1471', 56, 'Black', 'Medium', 6.3, 0, 0, 63, 1, 0, '10/10/2010', 5),
('PH1472', 179, 'White', 'Small', 13.5, 1, 0, 33, 0, 0, '11/26/2016', 5),
('PH1473', 165, 'White', 'Large', 24.7, 1, 0, 4, 1, 0, '10/01/2018', 5),
('PH1474', 145, 'Gray', 'Small', 25.4, 1, 0, 87, 0, 0, '11/22/2017', 2),
('PH1475', 157, 'Brown', 'Small', 16.1, 0, 1, 75, 0, 0, '12/18/2017', 5),
('PH1476', 161, 'Black', 'Large', 26.0, 1, 0, 52, 0, 0, '6/21/2016', 2),
('PH1477', 60, 'Gray', 'Medium', 1.2, 0, 0, 9, 0, 0, '7/19/2017', 2),
('PH1478', 120, 'Brown', 'Small', 2.0, 1, 0, 64, 1, 0, '7/19/2013', 1),
('PH1479', 138, 'White', 'Large', 27.4, 1, 0, 30, 0, 0, '6/21/2010', 5),
('PH148', 31, 'Orange', 'Medium', 4.6, 1, 0, 21, 0, 1, '9/18/2016', 6),
('PH1480', 175, 'White', 'Medium', 23.5, 0, 0, 8, 0, 0, '8/25/2016', 7),
('PH1481', 23, 'Gray', 'Large', 14.1, 0, 0, 5, 0, 0, '11/30/2013', 2),
('PH1482', 149, 'White', 'Small', 22.9, 1, 0, 76, 0, 0, '3/28/2017', 2),
('PH1483', 13, 'Orange', 'Medium', 28.7, 1, 0, 63, 0, 1, '08/08/2016', 2),
('PH1484', 101, 'Gray', 'Medium', 23.4, 0, 0, 1, 0, 0, '2/26/2008', 2),
('PH1485', 161, 'Brown', 'Large', 25.4, 1, 0, 15, 1, 0, '6/17/2016', 6),
('PH1486', 24, 'Gray', 'Medium', 23.1, 1, 0, 89, 0, 1, '10/23/2009', 1),
('PH1487', 108, 'Black', 'Small', 5.9, 0, 0, 82, 0, 0, '03/05/2016', 2),
('PH1488', 11, 'Gray', 'Small', 25.2, 1, 0, 38, 0, 1, '07/03/2013', 7),
('PH1489', 17, 'White', 'Small', 6.7, 1, 0, 42, 0, 1, '01/01/2018', 7),
('PH149', 78, 'White', 'Medium', 17.9, 1, 0, 74, 0, 1, '09/06/2017', 1),
('PH1490', 175, 'White', 'Large', 26.9, 1, 1, 46, 0, 0, '6/27/2017', 5),
('PH1491', 25, 'Orange', 'Medium', 14.3, 1, 0, 53, 0, 1, '2/21/2017', 6),
('PH1492', 94, 'Orange', 'Medium', 20.6, 0, 0, 26, 0, 0, '4/22/2018', 2),
('PH1493', 21, 'Orange', 'Medium', 15.4, 1, 0, 61, 0, 1, '10/06/2018', 1),
('PH1494', 84, 'Brown', 'Small', 3.7, 1, 1, 67, 0, 0, '1/27/2017', 6),
('PH1495', 140, 'Orange', 'Medium', 9.4, 1, 0, 54, 1, 1, '12/15/2008', 6),
('PH1496', 37, 'Brown', 'Small', 29.5, 1, 1, 22, 1, 0, '12/24/2017', 1),
('PH1497', 42, 'Orange', 'Medium', 28.9, 0, 0, 26, 0, 0, '11/06/2018', 3),
('PH1498', 145, 'Brown', 'Small', 10.3, 1, 1, 83, 0, 0, '6/18/2017', 1),
('PH1499', 101, 'Gray', 'Medium', 29.9, 1, 0, 60, 0, 1, '09/06/2016', 2),
('PH150', 20, 'Black', 'Medium', 22.3, 1, 1, 53, 1, 1, '7/31/2013', 2),
('PH1500', 48, 'Gray', 'Large', 25.5, 0, 0, 39, 0, 0, '12/23/1994', 3),
('PH1501', 103, 'White', 'Large', 18.7, 1, 0, 36, 1, 0, '10/29/2017', 3),
('PH1502', 28, 'Brown', 'Small', 2.2, 1, 1, 21, 1, 0, '1/28/2017', 7),
('PH1503', 41, 'Black', 'Small', 27.1, 1, 0, 41, 0, 0, '01/11/2017', 1),
('PH1504', 99, 'White', 'Medium', 17.2, 0, 0, 48, 0, 0, '10/20/2018', 1),
('PH1505', 47, 'Gray', 'Medium', 26.2, 0, 0, 26, 0, 0, '1/17/2018', 2),
('PH1506', 146, 'Brown', 'Large', 25.2, 1, 0, 63, 0, 0, '9/21/2016', 1),
('PH1507', 105, 'Orange', 'Medium', 25.2, 1, 0, 77, 1, 1, '1/28/2018', 1),
('PH1508', 124, 'Black', 'Small', 21.2, 1, 0, 36, 0, 0, '07/12/2017', 5),
('PH1509', 13, 'Gray', 'Small', 9.5, 1, 0, 24, 0, 1, '8/14/2018', 6),
('PH151', 146, 'White', 'Large', 10.3, 1, 0, 46, 1, 0, '2/17/2016', 5),
('PH1510', 141, 'White', 'Small', 10.7, 0, 1, 21, 0, 0, '05/07/2017', 6),
('PH1511', 100, 'Brown', 'Small', 9.9, 1, 0, 18, 0, 1, '08/02/2012', 4),
('PH1512', 31, 'Black', 'Small', 1.6, 1, 0, 15, 0, 0, '3/28/2007', 1),
('PH1513', 130, 'Brown', 'Large', 17.9, 1, 0, 79, 0, 1, '12/18/2014', 4),
('PH1514', 16, 'Orange', 'Large', 21.3, 0, 1, 6, 0, 0, '08/03/2017', 1),
('PH1515', 137, 'White', 'Small', 25.8, 0, 0, 43, 1, 0, '02/06/2016', 1),
('PH1516', 73, 'Brown', 'Medium', 5.1, 1, 0, 31, 1, 1, '01/07/2017', 1),
('PH1517', 166, 'Gray', 'Small', 16.8, 0, 1, 28, 0, 0, '01/04/2015', 4),
('PH1518', 54, 'White', 'Large', 1.2, 0, 0, 8, 1, 0, '6/21/2017', 1),
('PH1519', 100, 'Gray', 'Small', 3.8, 0, 0, 29, 0, 0, '8/21/2015', 2),
('PH152', 60, 'Orange', 'Medium', 2.0, 1, 1, 45, 1, 0, '10/04/2016', 2),
('PH1520', 109, 'Brown', 'Large', 2.6, 1, 0, 21, 1, 0, '10/11/2017', 2),
('PH1521', 87, 'White', 'Large', 22.0, 1, 1, 81, 1, 0, '4/27/2004', 5),
('PH1522', 173, 'Gray', 'Small', 3.4, 1, 0, 88, 0, 0, '1/25/2014', 6),
('PH1523', 162, 'Orange', 'Small', 21.8, 0, 0, 58, 1, 0, '1/15/2010', 5),
('PH1524', 137, 'Orange', 'Medium', 8.2, 1, 0, 60, 0, 1, '1/20/2016', 1),
('PH1525', 8, 'Brown', 'Large', 26.5, 0, 0, 50, 0, 0, '3/29/2017', 1),
('PH1526', 7, 'White', 'Medium', 24.6, 1, 1, 31, 0, 1, '02/07/2008', 7),
('PH1527', 36, 'Black', 'Small', 28.8, 1, 0, 47, 1, 0, '4/22/2014', 2),
('PH1528', 18, 'White', 'Large', 26.6, 1, 0, 34, 1, 1, '11/13/2018', 2),
('PH1529', 3, 'Orange', 'Medium', 28.1, 0, 1, 2, 0, 0, '10/31/2014', 2),
('PH153', 134, 'Black', 'Medium', 4.7, 1, 0, 9, 0, 1, '01/05/2018', 3),
('PH1530', 28, 'Gray', 'Medium', 25.9, 0, 0, 67, 0, 1, '10/27/2018', 4),
('PH1531', 70, 'Black', 'Medium', 21.1, 1, 0, 72, 0, 1, '09/09/2017', 1),
('PH1532', 172, 'Brown', 'Small', 5.9, 1, 1, 52, 1, 0, '08/11/2016', 2),
('PH1533', 149, 'Black', 'Small', 8.9, 0, 0, 7, 0, 0, '11/05/2018', 3),
('PH1534', 28, 'Brown', 'Small', 7.2, 1, 0, 76, 1, 0, '7/30/2016', 2),
('PH1535', 54, 'Black', 'Large', 18.5, 1, 0, 19, 0, 0, '6/15/2017', 5),
('PH1536', 65, 'Brown', 'Small', 15.6, 1, 0, 15, 0, 1, '11/21/2016', 4),
('PH1537', 100, 'Brown', 'Large', 26.1, 1, 1, 78, 0, 0, '1/25/2015', 1),
('PH1538', 21, 'Black', 'Medium', 28.6, 0, 0, 48, 1, 1, '01/09/2015', 1),
('PH1539', 13, 'Black', 'Medium', 12.7, 0, 0, 14, 0, 1, '4/26/2016', 7),
('PH154', 160, 'White', 'Small', 27.5, 1, 0, 6, 0, 0, '10/24/2016', 5),
('PH1540', 57, 'Brown', 'Small', 15.7, 0, 0, 3, 1, 0, '9/17/2013', 2),
('PH1541', 49, 'Orange', 'Medium', 29.2, 1, 0, 50, 0, 1, '09/08/2017', 5),
('PH1542', 118, 'Black', 'Small', 9.0, 0, 1, 54, 0, 0, '11/23/2016', 5),
('PH1543', 54, 'White', 'Large', 24.0, 1, 0, 6, 1, 0, '11/04/2015', 1),
('PH1544', 138, 'Gray', 'Medium', 7.5, 0, 1, 49, 1, 0, '8/23/2008', 2),
('PH1545', 53, 'Brown', 'Small', 20.8, 1, 0, 23, 1, 1, '8/31/2015', 4),
('PH1546', 44, 'Brown', 'Medium', 8.4, 1, 0, 78, 0, 1, '02/12/2017', 2),
('PH1547', 47, 'Gray', 'Medium', 26.6, 0, 0, 78, 0, 0, '02/06/2017', 2),
('PH1548', 53, 'Orange', 'Small', 17.3, 0, 1, 20, 0, 0, '7/13/2014', 5),
('PH1549', 74, 'Gray', 'Medium', 6.4, 1, 0, 77, 0, 1, '02/12/2016', 2);
INSERT INTO `pet_house` (`PetHouseId`, `AgeMonths`, `Color`, `Size`, `WeightKg`, `Vaccinated`, `HealthCondition`, `TimeInShelterDays`, `PreviousOwner`, `AdoptionLikelihood`, `DateEntered`, `SpeciesID_fk`) VALUES
('PH155', 93, 'Black', 'Small', 15.3, 1, 0, 51, 1, 1, '01/11/2016', 4),
('PH1550', 46, 'Black', 'Medium', 7.5, 0, 0, 60, 1, 0, '08/03/2015', 2),
('PH1551', 13, 'Gray', 'Medium', 15.3, 0, 0, 45, 0, 1, '1/21/2015', 1),
('PH1552', 165, 'Brown', 'Medium', 28.9, 0, 0, 61, 0, 0, '10/29/2015', 2),
('PH1553', 102, 'Gray', 'Large', 23.3, 1, 0, 56, 0, 0, '1/18/2012', 2),
('PH1554', 24, 'White', 'Medium', 15.2, 1, 1, 2, 0, 0, '11/16/2017', 5),
('PH1555', 2, 'Black', 'Medium', 10.8, 1, 0, 45, 0, 1, '10/20/2012', 4),
('PH1556', 81, 'Gray', 'Small', 16.9, 0, 0, 40, 0, 0, '3/17/2017', 3),
('PH1557', 100, 'Brown', 'Large', 22.7, 1, 0, 24, 0, 0, '10/06/2016', 1),
('PH1558', 142, 'Black', 'Small', 23.7, 1, 0, 29, 0, 0, '03/09/2015', 6),
('PH1559', 138, 'Brown', 'Small', 10.4, 1, 0, 67, 1, 0, '7/18/2018', 2),
('PH156', 43, 'Brown', 'Medium', 14.2, 0, 0, 35, 0, 0, '02/03/2016', 1),
('PH1560', 163, 'Orange', 'Small', 21.9, 0, 0, 68, 0, 0, '9/18/2017', 1),
('PH1561', 153, 'White', 'Large', 20.1, 1, 0, 66, 0, 0, '09/04/2015', 1),
('PH1562', 131, 'Orange', 'Small', 28.8, 1, 0, 84, 1, 1, '3/23/2016', 4),
('PH1563', 111, 'White', 'Small', 28.0, 1, 0, 54, 1, 0, '12/27/2017', 2),
('PH1564', 102, 'Gray', 'Small', 23.9, 0, 0, 53, 1, 0, '02/02/2015', 2),
('PH1565', 17, 'Black', 'Medium', 22.0, 0, 0, 79, 1, 1, '04/10/2016', 5),
('PH1566', 12, 'Gray', 'Small', 8.9, 0, 0, 49, 0, 0, '10/17/2016', 2),
('PH1567', 116, 'White', 'Large', 25.5, 0, 0, 32, 0, 0, '06/04/2017', 5),
('PH1568', 24, 'White', 'Large', 13.4, 1, 0, 61, 0, 0, '5/13/2014', 7),
('PH1569', 29, 'White', 'Medium', 8.9, 1, 0, 42, 0, 1, '06/07/2015', 5),
('PH157', 130, 'White', 'Medium', 2.1, 1, 0, 82, 1, 1, '01/12/2018', 5),
('PH1570', 171, 'Brown', 'Large', 12.1, 1, 0, 1, 1, 0, '12/25/2016', 7),
('PH1571', 153, 'Black', 'Large', 25.2, 0, 0, 63, 0, 0, '6/22/2016', 2),
('PH1572', 122, 'Gray', 'Medium', 5.3, 0, 0, 35, 1, 0, '6/20/2017', 2),
('PH1573', 90, 'Gray', 'Small', 14.2, 0, 0, 51, 1, 0, '07/07/2017', 2),
('PH1574', 65, 'Orange', 'Medium', 15.3, 0, 1, 71, 0, 0, '12/12/2014', 7),
('PH1575', 84, 'White', 'Small', 2.1, 1, 0, 45, 1, 0, '07/08/2018', 2),
('PH1576', 119, 'White', 'Small', 6.7, 0, 0, 77, 0, 0, '1/26/2018', 3),
('PH1577', 156, 'White', 'Large', 25.0, 0, 1, 65, 0, 0, '07/11/2016', 6),
('PH1578', 16, 'Gray', 'Medium', 25.1, 1, 0, 14, 1, 1, '11/12/2016', 4),
('PH1579', 175, 'Orange', 'Large', 9.5, 1, 0, 3, 0, 0, '7/24/2015', 6),
('PH158', 60, 'Black', 'Small', 22.1, 0, 0, 53, 0, 0, '9/29/2014', 2),
('PH1580', 104, 'Brown', 'Large', 26.4, 1, 0, 24, 1, 0, '06/07/2016', 2),
('PH1581', 92, 'Black', 'Small', 23.4, 1, 0, 65, 0, 0, '3/29/2017', 1),
('PH1582', 27, 'Brown', 'Large', 13.1, 0, 0, 48, 0, 0, '06/10/2017', 2),
('PH1583', 170, 'Gray', 'Medium', 22.7, 1, 0, 10, 1, 1, '9/13/2016', 4),
('PH1584', 175, 'White', 'Large', 28.9, 1, 0, 13, 0, 0, '8/21/2016', 2),
('PH1585', 162, 'Black', 'Large', 14.3, 1, 0, 73, 0, 0, '2/17/2017', 7),
('PH1586', 165, 'Gray', 'Small', 7.9, 1, 0, 14, 0, 0, '07/01/2016', 6),
('PH1587', 134, 'Gray', 'Medium', 28.3, 0, 0, 10, 1, 0, '09/09/2004', 6),
('PH1588', 135, 'Gray', 'Large', 18.5, 1, 0, 40, 0, 0, '12/03/2010', 1),
('PH1589', 153, 'Black', 'Small', 4.1, 0, 0, 23, 1, 0, '03/06/2018', 1),
('PH159', 151, 'Black', 'Small', 16.3, 0, 0, 19, 0, 0, '11/23/2011', 4),
('PH1590', 33, 'Black', 'Large', 17.6, 1, 0, 55, 0, 0, '3/22/2011', 6),
('PH1591', 55, 'Orange', 'Medium', 15.5, 1, 0, 63, 0, 1, '5/24/2016', 1),
('PH1592', 7, 'Orange', 'Large', 25.8, 1, 0, 71, 1, 1, '11/01/2016', 4),
('PH1593', 57, 'Brown', 'Large', 16.4, 1, 0, 42, 0, 0, '3/20/2017', 7),
('PH1594', 126, 'Black', 'Small', 8.4, 1, 1, 66, 0, 0, '4/15/2012', 3),
('PH1595', 12, 'Black', 'Large', 20.6, 0, 1, 79, 1, 0, '09/12/2016', 5),
('PH1596', 16, 'Black', 'Small', 16.7, 1, 0, 73, 1, 1, '04/06/2015', 2),
('PH1597', 43, 'Orange', 'Medium', 7.8, 1, 0, 47, 0, 1, '6/29/2014', 4),
('PH1598', 117, 'Gray', 'Large', 17.6, 0, 0, 81, 0, 0, '8/19/2017', 2),
('PH1599', 135, 'White', 'Medium', 24.8, 1, 0, 52, 1, 1, '07/04/2017', 7),
('PH160', 31, 'Black', 'Small', 6.9, 1, 0, 69, 0, 0, '8/23/2014', 1),
('PH1600', 111, 'Orange', 'Medium', 1.8, 1, 1, 18, 1, 0, '3/22/2018', 2),
('PH1601', 51, 'Black', 'Large', 19.3, 1, 0, 79, 1, 0, '3/28/2007', 1),
('PH1602', 160, 'Orange', 'Small', 11.1, 1, 1, 18, 0, 0, '12/11/2016', 2),
('PH1603', 75, 'Brown', 'Medium', 9.5, 1, 0, 24, 1, 1, '9/26/2018', 6),
('PH1604', 8, 'Black', 'Medium', 12.4, 0, 0, 23, 0, 1, '12/04/2003', 2),
('PH1605', 45, 'Brown', 'Large', 10.9, 0, 0, 12, 0, 0, '11/23/2016', 2),
('PH1606', 59, 'Black', 'Large', 25.1, 1, 0, 23, 0, 0, '6/15/2016', 7),
('PH1607', 132, 'Orange', 'Large', 9.0, 1, 0, 21, 0, 0, '06/10/2017', 2),
('PH1608', 104, 'Gray', 'Large', 22.3, 1, 0, 64, 0, 0, '6/29/2018', 2),
('PH1609', 157, 'White', 'Large', 3.7, 0, 0, 72, 0, 0, '7/17/2009', 6),
('PH161', 5, 'White', 'Large', 4.2, 0, 0, 25, 1, 0, '06/07/2006', 1),
('PH1610', 157, 'Brown', 'Large', 28.6, 0, 0, 34, 0, 0, '03/08/2017', 7),
('PH1611', 98, 'Orange', 'Small', 19.0, 0, 0, 2, 0, 0, '7/24/2013', 4),
('PH1612', 156, 'Gray', 'Medium', 21.5, 1, 0, 69, 0, 1, '08/05/2017', 4),
('PH1613', 79, 'Orange', 'Small', 9.6, 1, 1, 31, 0, 0, '10/03/2016', 5),
('PH1614', 124, 'Brown', 'Small', 13.0, 1, 0, 68, 0, 0, '6/26/2005', 7),
('PH1615', 172, 'White', 'Large', 7.5, 0, 0, 70, 0, 0, '3/15/2015', 5),
('PH1616', 4, 'Orange', 'Medium', 28.0, 0, 1, 87, 0, 0, '7/16/2016', 6),
('PH1617', 90, 'Black', 'Small', 15.2, 1, 0, 19, 0, 0, '12/25/2016', 1),
('PH1618', 104, 'Gray', 'Large', 19.3, 0, 0, 72, 1, 0, '02/03/2014', 6),
('PH1619', 137, 'Orange', 'Large', 22.3, 1, 1, 13, 1, 0, '12/08/2007', 6),
('PH162', 162, 'Gray', 'Large', 12.1, 1, 1, 11, 0, 0, '11/02/2017', 6),
('PH1620', 119, 'Gray', 'Medium', 11.8, 1, 0, 65, 1, 1, '06/10/2014', 1),
('PH1621', 133, 'Black', 'Small', 21.9, 1, 0, 6, 0, 0, '7/14/2018', 6),
('PH1622', 56, 'White', 'Small', 20.6, 1, 0, 71, 0, 0, '11/04/2015', 1),
('PH1623', 96, 'White', 'Small', 21.5, 1, 0, 27, 0, 0, '06/04/2016', 2),
('PH1624', 178, 'Black', 'Large', 15.2, 0, 0, 79, 1, 0, '06/01/2018', 3),
('PH1625', 75, 'Gray', 'Medium', 12.1, 1, 1, 52, 0, 0, '05/11/2017', 3),
('PH1626', 143, 'Orange', 'Medium', 7.4, 1, 0, 87, 0, 1, '3/24/2016', 1),
('PH1627', 32, 'Black', 'Small', 24.9, 0, 0, 48, 0, 0, '12/22/2014', 5),
('PH1628', 28, 'Brown', 'Large', 18.6, 1, 0, 88, 0, 0, '06/01/2018', 5),
('PH1629', 22, 'Gray', 'Small', 13.9, 0, 0, 79, 1, 0, '10/18/2016', 1),
('PH163', 10, 'White', 'Small', 25.3, 1, 0, 74, 0, 1, '09/10/2017', 1),
('PH1630', 17, 'White', 'Medium', 28.4, 0, 1, 68, 1, 0, '7/25/2016', 1),
('PH1631', 59, 'Black', 'Large', 2.4, 0, 0, 44, 1, 0, '12/13/2015', 2),
('PH1632', 90, 'White', 'Small', 25.7, 1, 1, 17, 0, 0, '11/16/2016', 7),
('PH1633', 106, 'Gray', 'Small', 29.9, 1, 0, 38, 1, 0, '4/19/2016', 2),
('PH1634', 26, 'White', 'Large', 26.7, 1, 0, 10, 0, 0, '5/22/2016', 2),
('PH1635', 25, 'Black', 'Medium', 24.5, 0, 1, 54, 1, 0, '11/20/2016', 2),
('PH1636', 138, 'Gray', 'Large', 11.9, 1, 1, 6, 0, 0, '11/29/2005', 6),
('PH1637', 45, 'Brown', 'Small', 7.7, 1, 1, 6, 0, 0, '9/21/2016', 6),
('PH1638', 83, 'Black', 'Small', 22.3, 1, 0, 52, 0, 0, '08/09/2012', 5),
('PH1639', 11, 'Orange', 'Small', 9.8, 0, 0, 15, 0, 0, '1/15/2016', 1),
('PH164', 89, 'Orange', 'Medium', 26.1, 1, 0, 17, 1, 1, '9/26/2007', 7),
('PH1640', 104, 'Black', 'Small', 6.1, 0, 0, 68, 1, 0, '11/12/2016', 1),
('PH1641', 68, 'Gray', 'Medium', 23.8, 0, 1, 57, 1, 0, '6/18/2015', 1),
('PH1642', 95, 'Black', 'Medium', 10.1, 1, 0, 56, 0, 1, '06/10/2017', 1),
('PH1643', 156, 'Brown', 'Small', 27.5, 1, 0, 7, 0, 0, '1/23/2005', 2),
('PH1644', 65, 'Brown', 'Medium', 25.4, 1, 0, 51, 0, 1, '3/26/2018', 2),
('PH1645', 49, 'Orange', 'Medium', 25.6, 1, 0, 58, 1, 1, '6/20/2017', 2),
('PH1646', 175, 'White', 'Medium', 23.4, 1, 1, 64, 0, 0, '07/04/2016', 6),
('PH1647', 52, 'Gray', 'Small', 26.5, 1, 0, 26, 0, 0, '05/03/2018', 6),
('PH1648', 102, 'Gray', 'Large', 24.4, 1, 0, 58, 0, 0, '05/01/2016', 1),
('PH1649', 57, 'White', 'Large', 18.5, 0, 0, 31, 0, 0, '09/12/2015', 1),
('PH165', 130, 'White', 'Small', 18.5, 1, 0, 36, 0, 1, '07/09/2017', 4),
('PH1650', 47, 'Brown', 'Large', 9.6, 0, 0, 66, 1, 0, '12/29/2018', 1),
('PH1651', 159, 'Brown', 'Small', 26.8, 1, 0, 13, 0, 0, '04/10/2016', 7),
('PH1652', 174, 'Black', 'Medium', 25.4, 1, 0, 18, 0, 1, '8/21/2017', 5),
('PH1653', 26, 'Orange', 'Medium', 14.7, 0, 0, 75, 1, 0, '12/26/2017', 6),
('PH1654', 114, 'Orange', 'Small', 2.1, 1, 0, 13, 0, 0, '8/21/2016', 2),
('PH1655', 5, 'Orange', 'Small', 19.5, 1, 0, 24, 0, 1, '10/10/2017', 1),
('PH1656', 84, 'Black', 'Large', 2.5, 1, 0, 57, 0, 0, '8/20/2018', 2),
('PH1657', 52, 'Orange', 'Large', 27.9, 1, 0, 29, 0, 1, '3/19/2017', 4),
('PH1658', 105, 'White', 'Small', 28.9, 1, 0, 56, 0, 0, '08/09/2016', 3),
('PH1659', 54, 'Black', 'Large', 6.5, 1, 0, 54, 1, 0, '7/16/2018', 5),
('PH166', 126, 'Black', 'Large', 22.1, 1, 0, 21, 1, 0, '2/18/2016', 1),
('PH1660', 161, 'White', 'Medium', 20.6, 0, 0, 5, 1, 0, '4/23/2017', 1),
('PH1661', 178, 'Black', 'Small', 3.7, 1, 1, 35, 1, 0, '5/24/2018', 6),
('PH1662', 166, 'Orange', 'Small', 22.2, 1, 0, 19, 1, 1, '2/14/2004', 4),
('PH1663', 155, 'White', 'Medium', 11.1, 1, 0, 55, 0, 1, '3/20/2014', 1),
('PH1664', 15, 'White', 'Medium', 20.8, 1, 1, 77, 0, 1, '5/26/2015', 3),
('PH1665', 61, 'White', 'Medium', 11.8, 0, 0, 69, 0, 0, '11/29/2018', 2),
('PH1666', 122, 'Black', 'Large', 5.2, 1, 1, 44, 1, 0, '10/10/2018', 1),
('PH1667', 21, 'Gray', 'Small', 12.8, 0, 0, 78, 0, 0, '9/19/2016', 2),
('PH1668', 46, 'Orange', 'Large', 4.3, 1, 1, 38, 0, 0, '6/15/2017', 6),
('PH1669', 134, 'White', 'Medium', 17.7, 1, 1, 62, 0, 0, '05/08/2018', 5),
('PH167', 11, 'Brown', 'Medium', 4.3, 0, 1, 18, 0, 0, '08/04/2017', 6),
('PH1670', 38, 'Gray', 'Large', 2.2, 1, 0, 22, 0, 0, '11/10/2017', 5),
('PH1671', 62, 'Orange', 'Medium', 16.3, 1, 0, 73, 0, 1, '1/25/2017', 2),
('PH1672', 86, 'Orange', 'Large', 26.7, 1, 0, 40, 1, 0, '12/05/2016', 2),
('PH1673', 78, 'White', 'Large', 25.3, 0, 0, 26, 0, 0, '7/20/2016', 3),
('PH1674', 46, 'White', 'Medium', 26.6, 1, 0, 5, 1, 1, '4/19/2014', 1),
('PH1675', 141, 'Black', 'Large', 27.7, 0, 0, 54, 0, 0, '3/29/2018', 2),
('PH1676', 3, 'Gray', 'Small', 4.0, 1, 0, 86, 1, 1, '5/14/2017', 5),
('PH1677', 6, 'Gray', 'Large', 4.7, 0, 0, 49, 1, 0, '5/15/2016', 1),
('PH1678', 93, 'White', 'Large', 17.2, 1, 1, 3, 1, 0, '5/29/2015', 4),
('PH1679', 8, 'Orange', 'Small', 26.9, 1, 0, 38, 0, 1, '01/10/2018', 5),
('PH168', 178, 'White', 'Large', 18.1, 1, 1, 60, 0, 0, '1/30/2016', 2),
('PH1680', 172, 'White', 'Medium', 29.3, 1, 0, 14, 0, 1, '6/30/2017', 1),
('PH1681', 108, 'Orange', 'Small', 2.3, 1, 0, 47, 0, 0, '8/23/2017', 3),
('PH1682', 161, 'Orange', 'Large', 11.3, 1, 0, 14, 0, 0, '11/30/2016', 2),
('PH1683', 75, 'White', 'Medium', 7.2, 1, 0, 75, 0, 1, '03/08/2018', 7),
('PH1684', 77, 'Brown', 'Large', 22.9, 1, 1, 73, 1, 0, '5/30/2018', 3),
('PH1685', 50, 'Gray', 'Large', 19.6, 1, 0, 38, 0, 0, '11/16/2015', 5),
('PH1686', 11, 'Orange', 'Small', 4.5, 1, 0, 64, 0, 1, '04/03/2017', 2),
('PH1687', 95, 'Orange', 'Small', 15.0, 1, 1, 44, 0, 0, '02/12/2016', 2),
('PH1688', 156, 'Brown', 'Medium', 20.9, 1, 1, 70, 1, 0, '7/30/2016', 7),
('PH1689', 70, 'Black', 'Medium', 23.6, 1, 0, 65, 1, 1, '4/30/2003', 2),
('PH169', 159, 'White', 'Medium', 20.3, 1, 0, 18, 1, 1, '8/13/2018', 1),
('PH1690', 169, 'Brown', 'Medium', 1.6, 1, 0, 25, 0, 1, '11/12/2015', 2),
('PH1691', 16, 'Brown', 'Large', 26.8, 1, 0, 16, 0, 1, '7/19/2017', 2),
('PH1692', 68, 'Orange', 'Small', 17.5, 0, 0, 15, 1, 0, '07/02/2017', 5),
('PH1693', 99, 'Gray', 'Small', 24.5, 1, 1, 81, 0, 0, '2/17/2016', 1),
('PH1694', 48, 'Brown', 'Small', 24.4, 1, 0, 3, 0, 0, '07/02/2016', 2),
('PH1695', 64, 'Black', 'Medium', 6.5, 1, 0, 67, 1, 1, '07/01/2016', 7),
('PH1696', 90, 'White', 'Small', 4.2, 1, 1, 37, 1, 0, '12/22/2016', 7),
('PH1697', 76, 'Brown', 'Small', 21.9, 0, 0, 81, 0, 0, '1/16/2014', 2),
('PH1698', 139, 'Brown', 'Small', 5.5, 0, 1, 55, 0, 0, '01/07/2017', 2),
('PH1699', 101, 'Black', 'Medium', 25.6, 1, 0, 38, 0, 1, '06/05/2016', 5),
('PH170', 56, 'Black', 'Large', 6.8, 1, 0, 1, 0, 0, '4/14/2012', 1),
('PH1700', 89, 'Gray', 'Small', 22.1, 1, 0, 63, 0, 0, '10/27/2017', 6),
('PH1701', 18, 'Brown', 'Medium', 25.4, 1, 0, 1, 0, 1, '8/14/2017', 5),
('PH1702', 19, 'Brown', 'Small', 9.7, 1, 0, 71, 0, 1, '6/24/2018', 5),
('PH1703', 55, 'Gray', 'Small', 10.2, 1, 0, 19, 0, 0, '02/02/2019', 1),
('PH1704', 102, 'Black', 'Small', 20.5, 1, 0, 52, 0, 0, '8/28/2018', 6),
('PH1705', 118, 'Brown', 'Medium', 1.9, 1, 0, 30, 0, 1, '9/25/2018', 3),
('PH1706', 154, 'Gray', 'Medium', 22.1, 1, 1, 55, 0, 0, '1/19/2015', 7),
('PH1707', 134, 'Brown', 'Small', 25.2, 1, 0, 14, 0, 0, '01/09/2016', 2),
('PH1708', 4, 'White', 'Large', 13.0, 0, 0, 13, 0, 0, '5/23/2017', 3),
('PH1709', 108, 'Orange', 'Medium', 23.2, 1, 0, 84, 0, 1, '01/09/2017', 3),
('PH171', 83, 'Brown', 'Medium', 26.5, 1, 1, 14, 0, 0, '07/07/2016', 6),
('PH1710', 115, 'White', 'Medium', 6.1, 1, 1, 27, 0, 0, '12/25/2016', 6),
('PH1711', 29, 'Brown', 'Small', 10.3, 1, 0, 89, 1, 0, '8/31/2016', 2),
('PH1712', 59, 'Black', 'Large', 29.3, 1, 0, 9, 0, 0, '3/26/2017', 2),
('PH1713', 125, 'Orange', 'Small', 29.6, 1, 0, 41, 1, 0, '1/17/2016', 5),
('PH1714', 98, 'White', 'Medium', 15.9, 0, 0, 48, 0, 0, '11/24/2018', 6),
('PH1715', 17, 'Gray', 'Medium', 28.1, 1, 0, 12, 0, 1, '9/17/2018', 6),
('PH1716', 107, 'Black', 'Small', 16.2, 0, 0, 10, 0, 0, '11/19/2017', 5),
('PH1717', 43, 'White', 'Small', 9.5, 1, 0, 6, 0, 1, '10/27/2017', 4),
('PH1718', 80, 'Gray', 'Large', 8.7, 1, 1, 34, 1, 0, '7/13/2016', 5),
('PH1719', 162, 'Brown', 'Large', 28.0, 1, 1, 52, 1, 0, '6/18/2018', 7),
('PH172', 137, 'Brown', 'Medium', 6.7, 1, 1, 8, 0, 0, '3/27/2010', 2),
('PH1720', 8, 'Gray', 'Medium', 6.0, 0, 0, 41, 1, 1, '08/02/2017', 6),
('PH1721', 141, 'White', 'Large', 17.8, 0, 0, 83, 0, 0, '07/07/2008', 3),
('PH1722', 106, 'White', 'Large', 17.1, 0, 0, 6, 0, 0, '12/20/2016', 6),
('PH1723', 8, 'Brown', 'Medium', 22.4, 0, 0, 2, 0, 1, '04/10/2018', 1),
('PH1724', 96, 'Gray', 'Medium', 15.5, 1, 1, 15, 0, 0, '4/13/2017', 7),
('PH1725', 94, 'Gray', 'Medium', 8.9, 1, 0, 17, 0, 1, '7/19/2012', 1),
('PH1726', 65, 'Brown', 'Medium', 5.9, 1, 0, 16, 1, 1, '12/14/2015', 5),
('PH1727', 171, 'Gray', 'Small', 19.0, 0, 1, 28, 1, 0, '02/06/2017', 1),
('PH1728', 39, 'Brown', 'Medium', 21.9, 1, 0, 85, 0, 1, '12/19/2016', 4),
('PH1729', 81, 'Black', 'Medium', 17.5, 1, 0, 72, 0, 1, '5/13/2016', 2),
('PH173', 99, 'Orange', 'Medium', 10.1, 1, 1, 66, 0, 0, '11/18/2016', 2),
('PH1730', 84, 'White', 'Medium', 22.4, 0, 0, 10, 0, 0, '6/22/2017', 5),
('PH1731', 88, 'Black', 'Large', 5.1, 1, 0, 10, 0, 1, '11/22/2016', 4),
('PH1732', 86, 'Orange', 'Medium', 26.6, 0, 0, 10, 0, 0, '9/22/2015', 1),
('PH1733', 93, 'Orange', 'Small', 17.9, 0, 0, 73, 1, 0, '12/18/2011', 4),
('PH1734', 86, 'Orange', 'Small', 4.7, 1, 0, 28, 0, 0, '11/15/2014', 1),
('PH1735', 44, 'Brown', 'Medium', 14.4, 1, 0, 24, 0, 1, '07/07/2016', 1),
('PH1736', 137, 'Gray', 'Small', 25.5, 1, 0, 19, 0, 0, '11/02/2016', 1),
('PH1737', 165, 'Black', 'Large', 27.0, 1, 0, 68, 0, 0, '06/05/2016', 1),
('PH1738', 74, 'Black', 'Medium', 8.7, 1, 0, 56, 1, 1, '1/14/2014', 5),
('PH1739', 36, 'Black', 'Small', 21.6, 1, 0, 67, 0, 0, '01/10/2017', 6),
('PH174', 149, 'White', 'Medium', 19.0, 1, 1, 51, 0, 1, '7/23/2017', 4),
('PH1740', 101, 'Black', 'Small', 3.9, 1, 0, 42, 1, 0, '8/30/2014', 2),
('PH1741', 156, 'Orange', 'Medium', 2.0, 1, 0, 12, 0, 1, '02/12/2017', 5),
('PH1742', 170, 'Black', 'Small', 17.3, 0, 0, 18, 1, 0, '10/10/2012', 6),
('PH1743', 171, 'Gray', 'Medium', 21.1, 0, 0, 23, 0, 0, '01/05/2007', 5),
('PH1744', 170, 'Orange', 'Small', 24.1, 1, 0, 84, 0, 1, '7/25/2012', 4),
('PH1745', 104, 'Black', 'Large', 10.9, 1, 0, 6, 1, 0, '3/30/2012', 2),
('PH1746', 66, 'Brown', 'Small', 1.2, 0, 0, 53, 1, 0, '06/12/2017', 2),
('PH1747', 55, 'White', 'Small', 14.9, 1, 0, 42, 1, 0, '01/08/2014', 1),
('PH1748', 176, 'White', 'Medium', 1.5, 0, 0, 66, 0, 0, '11/27/2016', 2),
('PH1749', 91, 'White', 'Small', 3.7, 1, 0, 30, 1, 1, '7/28/2016', 4),
('PH175', 73, 'Brown', 'Large', 19.5, 0, 0, 79, 0, 0, '07/07/2016', 5),
('PH1750', 22, 'Orange', 'Medium', 10.5, 0, 1, 9, 1, 0, '2/29/2016', 2),
('PH1751', 101, 'Black', 'Large', 13.7, 1, 0, 42, 0, 0, '06/11/2010', 6),
('PH1752', 155, 'Orange', 'Medium', 9.1, 1, 1, 34, 1, 0, '5/13/2017', 2),
('PH1753', 121, 'Gray', 'Medium', 17.9, 0, 0, 40, 0, 0, '1/24/2017', 3),
('PH1754', 93, 'Brown', 'Small', 2.6, 1, 0, 88, 0, 0, '10/10/2013', 3),
('PH1755', 108, 'Brown', 'Large', 5.2, 1, 0, 17, 0, 1, '10/11/2011', 4),
('PH1756', 141, 'White', 'Medium', 21.2, 0, 0, 29, 1, 1, '10/14/2000', 4),
('PH1757', 173, 'White', 'Small', 5.1, 0, 0, 50, 0, 0, '05/05/2017', 2),
('PH1758', 10, 'White', 'Small', 19.6, 1, 0, 76, 0, 1, '11/11/2015', 2),
('PH1759', 9, 'Black', 'Medium', 2.6, 1, 1, 49, 0, 1, '12/02/2018', 2),
('PH176', 156, 'Brown', 'Large', 21.3, 1, 0, 60, 1, 0, '3/13/2019', 6),
('PH1760', 155, 'Gray', 'Small', 12.8, 1, 1, 73, 0, 0, '10/02/2016', 2),
('PH1761', 34, 'Gray', 'Medium', 6.1, 0, 0, 61, 0, 0, '3/22/2008', 1),
('PH1762', 129, 'Gray', 'Medium', 4.2, 1, 1, 83, 0, 0, '8/15/2017', 1),
('PH1763', 160, 'Gray', 'Medium', 17.4, 0, 1, 46, 1, 0, '05/01/2018', 6),
('PH1764', 89, 'White', 'Large', 27.9, 1, 1, 46, 1, 0, '04/08/2014', 1),
('PH1765', 93, 'Brown', 'Medium', 2.6, 1, 0, 17, 1, 1, '8/29/2018', 7),
('PH1766', 71, 'White', 'Small', 13.2, 1, 0, 66, 1, 0, '12/17/2012', 6),
('PH1767', 67, 'Gray', 'Large', 21.5, 1, 0, 5, 0, 0, '07/05/2017', 3),
('PH1768', 148, 'White', 'Small', 14.4, 1, 0, 54, 0, 0, '9/15/2015', 7),
('PH1769', 117, 'Gray', 'Large', 24.4, 1, 1, 16, 0, 0, '7/29/2014', 4),
('PH177', 115, 'Gray', 'Medium', 4.2, 1, 0, 34, 1, 1, '1/19/2016', 2),
('PH1770', 94, 'Orange', 'Large', 6.2, 1, 0, 81, 0, 0, '12/22/2015', 1),
('PH1771', 163, 'Brown', 'Large', 28.8, 1, 0, 7, 1, 0, '2/24/2018', 1),
('PH1772', 99, 'Orange', 'Large', 12.2, 1, 1, 8, 0, 0, '6/19/2017', 5),
('PH1773', 113, 'Black', 'Small', 10.9, 1, 0, 72, 1, 0, '9/17/2015', 3),
('PH1774', 103, 'White', 'Medium', 26.4, 1, 1, 87, 0, 1, '9/17/2015', 4),
('PH1775', 91, 'Black', 'Small', 17.4, 1, 0, 82, 1, 0, '9/17/2011', 3),
('PH1776', 90, 'White', 'Medium', 16.0, 1, 0, 38, 0, 1, '9/19/2017', 6),
('PH1777', 17, 'Orange', 'Small', 22.1, 1, 0, 54, 0, 1, '8/14/2016', 6),
('PH1778', 18, 'Gray', 'Large', 17.8, 1, 0, 76, 1, 1, '10/27/2014', 7),
('PH1779', 173, 'Gray', 'Large', 5.7, 1, 0, 15, 0, 0, '07/10/2018', 2),
('PH178', 7, 'Gray', 'Medium', 25.6, 0, 0, 36, 0, 1, '12/17/2015', 5),
('PH1780', 116, 'White', 'Medium', 20.6, 1, 1, 50, 1, 0, '7/14/2016', 1),
('PH1781', 93, 'Gray', 'Medium', 4.9, 1, 1, 56, 0, 0, '06/02/2018', 1),
('PH1782', 91, 'Orange', 'Small', 24.4, 1, 0, 9, 0, 0, '06/03/2016', 6),
('PH1783', 82, 'Gray', 'Medium', 29.7, 1, 0, 8, 1, 1, '8/16/2013', 7),
('PH1784', 68, 'Orange', 'Small', 11.9, 1, 1, 19, 0, 0, '2/22/2016', 4),
('PH1785', 114, 'Black', 'Medium', 13.9, 1, 0, 51, 1, 1, '7/16/2017', 1),
('PH1786', 1, 'Orange', 'Medium', 2.3, 1, 0, 72, 0, 1, '1/22/2016', 1),
('PH1787', 58, 'Brown', 'Medium', 1.4, 1, 1, 57, 0, 0, '06/11/2016', 2),
('PH1788', 154, 'Brown', 'Large', 27.7, 0, 1, 68, 0, 0, '06/08/2011', 1),
('PH1789', 109, 'Brown', 'Large', 4.7, 0, 0, 31, 0, 0, '9/16/2016', 1),
('PH179', 80, 'Brown', 'Large', 16.5, 1, 0, 62, 0, 0, '1/28/2017', 5),
('PH1790', 148, 'White', 'Small', 13.9, 0, 0, 3, 0, 0, '11/26/2012', 5),
('PH1791', 116, 'White', 'Medium', 24.6, 1, 0, 83, 0, 1, '10/22/2016', 2),
('PH1792', 87, 'White', 'Small', 26.8, 1, 0, 43, 0, 0, '9/15/2012', 6),
('PH1793', 10, 'Orange', 'Medium', 16.1, 0, 1, 29, 0, 0, '8/22/2018', 1),
('PH1794', 59, 'White', 'Large', 17.4, 1, 1, 10, 0, 0, '12/23/2015', 2),
('PH1795', 41, 'Black', 'Large', 20.4, 1, 0, 12, 0, 0, '03/11/2008', 5),
('PH1796', 105, 'Brown', 'Medium', 28.9, 1, 0, 46, 0, 1, '09/04/2014', 2),
('PH1797', 133, 'Orange', 'Medium', 18.5, 1, 1, 30, 0, 0, '07/12/2016', 2),
('PH1798', 122, 'Brown', 'Large', 17.2, 1, 0, 82, 0, 0, '5/13/2017', 6),
('PH1799', 145, 'White', 'Large', 1.4, 0, 0, 88, 0, 0, '9/19/2014', 2),
('PH180', 144, 'Orange', 'Medium', 14.7, 1, 0, 1, 0, 1, '07/10/2016', 4),
('PH1800', 22, 'Orange', 'Small', 3.3, 1, 1, 32, 0, 0, '10/18/2016', 1),
('PH1801', 98, 'Gray', 'Large', 17.7, 0, 0, 73, 1, 0, '12/04/2016', 2),
('PH1802', 169, 'Black', 'Medium', 28.2, 1, 0, 47, 1, 1, '10/13/2018', 5),
('PH1803', 68, 'White', 'Small', 26.1, 1, 0, 88, 0, 0, '10/10/2018', 3),
('PH1804', 139, 'White', 'Medium', 29.5, 0, 0, 63, 0, 0, '07/02/2017', 2),
('PH1805', 56, 'Black', 'Small', 16.3, 0, 0, 26, 1, 0, '01/05/2008', 7),
('PH1806', 179, 'Black', 'Medium', 23.8, 1, 0, 3, 0, 1, '06/01/2018', 3),
('PH1807', 149, 'Gray', 'Large', 25.4, 1, 1, 23, 1, 0, '12/21/2015', 5),
('PH1808', 99, 'White', 'Medium', 19.8, 1, 0, 75, 1, 1, '05/01/2016', 5),
('PH1809', 76, 'White', 'Small', 10.8, 0, 0, 74, 0, 0, '5/16/2014', 1),
('PH181', 97, 'Brown', 'Medium', 29.5, 1, 0, 85, 0, 1, '04/12/2016', 4),
('PH1810', 26, 'Brown', 'Medium', 14.6, 0, 0, 50, 0, 0, '7/17/2018', 1),
('PH1811', 115, 'Orange', 'Small', 25.9, 1, 0, 36, 1, 0, '06/10/2018', 5),
('PH1812', 147, 'Orange', 'Medium', 9.7, 0, 0, 13, 1, 0, '8/30/2016', 6),
('PH1813', 109, 'Brown', 'Large', 27.8, 1, 0, 29, 0, 0, '07/06/2018', 6),
('PH1814', 47, 'Orange', 'Large', 7.7, 0, 0, 38, 0, 0, '6/24/2011', 7),
('PH1815', 71, 'Black', 'Medium', 22.7, 1, 0, 77, 0, 1, '01/12/2019', 2),
('PH1816', 154, 'Orange', 'Medium', 19.3, 0, 1, 84, 0, 0, '11/05/2016', 1),
('PH1817', 40, 'Orange', 'Medium', 22.7, 0, 0, 5, 1, 0, '11/29/2013', 2),
('PH1818', 133, 'Brown', 'Small', 13.7, 1, 0, 20, 1, 0, '09/05/2010', 3),
('PH1819', 149, 'Gray', 'Medium', 28.0, 1, 0, 78, 0, 1, '11/27/2018', 2),
('PH182', 4, 'Black', 'Medium', 22.5, 0, 0, 42, 0, 1, '10/29/2017', 1),
('PH1820', 132, 'Orange', 'Medium', 19.3, 0, 0, 14, 1, 0, '4/13/2017', 7),
('PH1821', 23, 'Orange', 'Small', 9.4, 0, 0, 8, 0, 0, '10/15/2014', 2),
('PH1822', 106, 'Gray', 'Large', 19.5, 0, 0, 48, 0, 0, '2/23/2015', 4),
('PH1823', 84, 'Brown', 'Medium', 9.3, 1, 0, 13, 0, 1, '01/01/2017', 1),
('PH1824', 143, 'Gray', 'Medium', 9.5, 1, 1, 24, 0, 0, '6/29/2016', 1),
('PH1825', 116, 'Brown', 'Large', 12.6, 0, 0, 79, 0, 0, '09/10/2016', 2),
('PH1826', 109, 'Black', 'Large', 25.7, 1, 0, 65, 0, 0, '3/20/2015', 5),
('PH1827', 136, 'Brown', 'Small', 15.5, 1, 0, 86, 1, 0, '8/19/2018', 2),
('PH1828', 41, 'Black', 'Medium', 20.7, 1, 0, 34, 1, 1, '10/22/2018', 4),
('PH1829', 112, 'Black', 'Medium', 12.4, 1, 1, 51, 0, 1, '10/19/2016', 6),
('PH183', 4, 'White', 'Small', 4.4, 1, 0, 1, 0, 1, '2/27/2016', 7),
('PH1830', 147, 'Brown', 'Small', 8.6, 1, 0, 3, 0, 1, '11/29/2016', 2),
('PH1831', 112, 'White', 'Large', 28.7, 0, 0, 78, 0, 1, '01/11/2018', 6),
('PH1832', 103, 'Brown', 'Small', 18.5, 0, 0, 58, 1, 0, '7/26/2017', 2),
('PH1833', 46, 'Orange', 'Large', 28.1, 1, 0, 72, 0, 0, '07/09/2017', 5),
('PH1834', 156, 'Orange', 'Small', 6.9, 1, 0, 55, 0, 1, '04/06/2017', 4),
('PH1835', 68, 'White', 'Large', 5.3, 1, 1, 80, 0, 0, '8/19/2016', 4),
('PH1836', 122, 'Black', 'Small', 25.8, 1, 0, 42, 0, 1, '7/13/2015', 2),
('PH1837', 15, 'White', 'Large', 20.7, 1, 0, 21, 0, 1, '10/20/2011', 4),
('PH1838', 165, 'Orange', 'Large', 6.4, 1, 0, 10, 1, 0, '9/15/2015', 4),
('PH1839', 129, 'White', 'Large', 8.8, 0, 0, 57, 1, 0, '2/28/2015', 1),
('PH184', 103, 'Orange', 'Medium', 22.9, 0, 0, 84, 0, 0, '3/29/2013', 6),
('PH1840', 111, 'Brown', 'Large', 24.2, 1, 1, 25, 0, 1, '3/21/2018', 3),
('PH1841', 24, 'White', 'Large', 14.2, 0, 0, 56, 0, 0, '07/06/2017', 2),
('PH1842', 27, 'Black', 'Medium', 20.4, 0, 0, 38, 0, 1, '10/22/2016', 5),
('PH1843', 40, 'Brown', 'Large', 10.2, 1, 0, 86, 1, 1, '12/09/2016', 6),
('PH1844', 164, 'Gray', 'Medium', 12.1, 0, 0, 61, 0, 0, '7/22/2016', 2),
('PH1845', 24, 'Orange', 'Large', 29.7, 0, 0, 47, 0, 1, '11/23/2016', 5),
('PH1846', 24, 'Orange', 'Medium', 8.2, 0, 0, 54, 0, 0, '09/10/2018', 6),
('PH1847', 4, 'White', 'Medium', 15.7, 1, 0, 46, 0, 1, '8/23/2015', 5),
('PH1848', 67, 'Brown', 'Small', 25.5, 1, 1, 68, 0, 1, '9/21/2013', 3),
('PH1849', 34, 'Gray', 'Large', 7.9, 0, 0, 4, 0, 1, '12/15/2013', 1),
('PH185', 40, 'Black', 'Small', 3.8, 1, 0, 54, 0, 0, '11/08/2018', 5),
('PH1850', 177, 'Brown', 'Small', 13.0, 1, 1, 66, 0, 1, '4/18/2016', 3),
('PH1851', 116, 'Orange', 'Small', 18.8, 0, 0, 43, 0, 1, '10/03/2017', 7),
('PH1852', 23, 'Brown', 'Large', 15.0, 1, 0, 62, 0, 0, '6/21/2015', 5),
('PH1853', 109, 'Gray', 'Small', 14.3, 1, 0, 85, 0, 1, '05/03/2015', 4),
('PH1854', 69, 'White', 'Large', 11.5, 1, 1, 85, 0, 0, '9/27/2014', 1),
('PH1855', 95, 'Black', 'Small', 18.0, 1, 0, 85, 0, 0, '06/10/2012', 7),
('PH1856', 62, 'Brown', 'Large', 19.1, 1, 0, 4, 0, 0, '10/07/2018', 1),
('PH1857', 169, 'Black', 'Large', 19.9, 1, 0, 65, 1, 1, '09/10/2017', 1),
('PH1858', 57, 'Orange', 'Large', 3.0, 1, 1, 62, 0, 0, '11/28/2016', 3),
('PH1859', 54, 'White', 'Medium', 19.3, 1, 1, 2, 0, 0, '3/20/2017', 2),
('PH186', 17, 'Orange', 'Medium', 1.8, 0, 1, 47, 0, 1, '5/24/2016', 4),
('PH1860', 70, 'White', 'Small', 28.6, 1, 0, 9, 0, 0, '12/12/2016', 4),
('PH1861', 101, 'Brown', 'Medium', 16.7, 1, 1, 57, 0, 1, '6/19/2017', 4),
('PH1862', 57, 'White', 'Small', 21.7, 0, 0, 45, 0, 1, '9/29/2016', 2),
('PH1863', 138, 'Brown', 'Small', 17.1, 0, 1, 18, 1, 1, '01/03/2017', 3),
('PH1864', 168, 'Brown', 'Small', 25.8, 1, 0, 48, 0, 1, '7/21/2005', 2),
('PH1865', 135, 'Black', 'Medium', 28.0, 1, 0, 42, 0, 0, '9/21/2012', 6),
('PH1866', 103, 'White', 'Small', 6.3, 1, 0, 41, 1, 1, '05/03/2016', 1),
('PH1867', 166, 'Brown', 'Medium', 13.7, 0, 0, 75, 1, 0, '11/16/2017', 1),
('PH1868', 85, 'Black', 'Large', 12.4, 0, 0, 89, 1, 1, '4/15/2015', 2),
('PH1869', 61, 'Gray', 'Small', 12.8, 1, 0, 58, 1, 0, '08/10/2016', 6),
('PH187', 101, 'Black', 'Large', 12.7, 1, 1, 39, 1, 0, '01/06/2012', 3),
('PH1870', 3, 'Black', 'Small', 4.6, 1, 0, 42, 1, 1, '07/06/2016', 6),
('PH1871', 128, 'Black', 'Large', 24.6, 0, 0, 35, 0, 1, '8/14/2017', 5),
('PH1872', 179, 'Brown', 'Large', 2.0, 1, 0, 38, 0, 1, '11/15/2016', 1),
('PH1873', 86, 'Orange', 'Small', 16.3, 1, 1, 67, 0, 1, '3/22/2014', 7),
('PH1874', 47, 'Orange', 'Large', 20.2, 1, 1, 41, 1, 0, '11/29/2016', 2),
('PH1875', 76, 'Orange', 'Medium', 7.0, 1, 1, 50, 1, 1, '7/15/2017', 2),
('PH1876', 38, 'Black', 'Medium', 27.3, 1, 0, 86, 0, 1, '9/19/2017', 6),
('PH1877', 164, 'Brown', 'Small', 25.3, 1, 0, 72, 0, 1, '9/27/2013', 2),
('PH1878', 169, 'White', 'Medium', 14.7, 1, 1, 79, 1, 0, '11/30/2018', 4),
('PH1879', 141, 'Black', 'Medium', 12.9, 0, 1, 45, 1, 1, '7/17/2016', 5),
('PH188', 103, 'White', 'Small', 29.8, 1, 0, 30, 1, 0, '6/24/2015', 6),
('PH1880', 87, 'Black', 'Small', 7.9, 1, 0, 71, 0, 1, '10/20/2016', 2),
('PH1881', 58, 'Brown', 'Large', 22.2, 0, 0, 19, 1, 0, '11/16/2016', 7),
('PH1882', 50, 'Gray', 'Small', 4.8, 0, 0, 17, 0, 0, '1/28/2010', 2),
('PH1883', 30, 'Black', 'Medium', 20.7, 1, 0, 65, 0, 0, '07/07/2016', 3),
('PH1884', 101, 'Gray', 'Small', 25.4, 1, 0, 77, 0, 1, '10/29/2016', 2),
('PH1885', 25, 'Gray', 'Small', 7.6, 1, 0, 56, 0, 0, '2/24/2014', 2),
('PH1886', 112, 'Orange', 'Medium', 26.1, 1, 1, 41, 0, 1, '12/20/2016', 1),
('PH1887', 155, 'Brown', 'Medium', 2.0, 1, 0, 42, 1, 0, '8/16/2014', 1),
('PH1888', 179, 'Gray', 'Small', 27.5, 1, 0, 6, 1, 1, '09/11/2011', 2),
('PH1889', 126, 'Brown', 'Medium', 4.4, 1, 0, 69, 1, 0, '10/31/2016', 1),
('PH189', 124, 'White', 'Small', 6.1, 1, 0, 7, 0, 0, '6/15/2018', 7),
('PH1890', 123, 'Orange', 'Medium', 19.7, 1, 1, 75, 0, 0, '07/12/2016', 6),
('PH1891', 47, 'Brown', 'Medium', 8.3, 0, 0, 73, 0, 0, '4/13/2017', 6),
('PH1892', 118, 'Black', 'Medium', 25.3, 1, 0, 40, 0, 1, '9/19/2017', 1),
('PH1893', 39, 'Gray', 'Medium', 15.9, 1, 0, 41, 0, 0, '9/15/2016', 1),
('PH1894', 16, 'Brown', 'Medium', 4.9, 1, 0, 9, 0, 1, '5/18/2015', 4),
('PH1895', 22, 'White', 'Large', 17.6, 1, 0, 8, 0, 0, '10/07/2016', 1),
('PH1896', 54, 'Brown', 'Small', 12.8, 1, 0, 44, 0, 0, '6/21/2017', 1),
('PH1897', 149, 'Gray', 'Medium', 20.2, 1, 0, 58, 1, 0, '04/01/2016', 1),
('PH1898', 16, 'Orange', 'Small', 26.6, 1, 0, 67, 0, 1, '6/14/2016', 2),
('PH1899', 59, 'Orange', 'Large', 12.9, 1, 0, 13, 1, 1, '8/22/2017', 1),
('PH190', 52, 'Gray', 'Medium', 20.5, 0, 0, 22, 1, 0, '11/10/2016', 2),
('PH1900', 31, 'Gray', 'Medium', 9.4, 0, 0, 19, 0, 1, '04/03/2017', 3),
('PH1901', 170, 'Black', 'Small', 1.4, 0, 0, 49, 1, 0, '12/01/2016', 3),
('PH1902', 32, 'Black', 'Medium', 17.7, 1, 1, 80, 0, 1, '06/09/2018', 1),
('PH1903', 162, 'Orange', 'Medium', 12.7, 0, 0, 82, 0, 1, '4/28/2018', 1),
('PH1904', 9, 'Orange', 'Medium', 11.9, 1, 0, 78, 0, 0, '5/14/2017', 2),
('PH1905', 139, 'Gray', 'Medium', 6.3, 1, 0, 30, 1, 0, '1/22/2019', 4),
('PH1906', 10, 'Black', 'Medium', 13.5, 0, 0, 66, 0, 1, '3/18/2015', 5),
('PH1907', 17, 'Orange', 'Medium', 29.5, 0, 0, 77, 0, 1, '07/03/2015', 6),
('PH1908', 68, 'Black', 'Medium', 9.6, 1, 0, 59, 1, 0, '2/18/2018', 4),
('PH1909', 48, 'Orange', 'Large', 18.4, 1, 0, 53, 0, 1, '07/10/2016', 2),
('PH191', 52, 'Black', 'Medium', 6.0, 1, 0, 50, 0, 1, '01/12/2019', 6),
('PH1910', 111, 'Brown', 'Large', 23.5, 1, 1, 52, 0, 0, '11/18/2016', 5),
('PH1911', 153, 'White', 'Medium', 22.7, 1, 1, 81, 0, 0, '5/25/2017', 3),
('PH1912', 123, 'Brown', 'Medium', 10.5, 1, 1, 31, 0, 1, '10/04/2016', 2),
('PH1913', 149, 'Orange', 'Large', 18.7, 1, 0, 15, 0, 1, '08/02/2016', 1),
('PH1914', 101, 'White', 'Large', 26.3, 1, 0, 20, 0, 0, '01/12/2018', 2),
('PH1915', 102, 'White', 'Large', 1.4, 1, 0, 5, 0, 1, '11/04/2016', 2),
('PH1916', 65, 'Orange', 'Medium', 13.6, 0, 0, 7, 0, 0, '09/06/2018', 6),
('PH1917', 51, 'Orange', 'Small', 7.5, 1, 0, 18, 1, 1, '1/29/2006', 6),
('PH1918', 36, 'Black', 'Small', 12.3, 1, 0, 56, 0, 0, '5/31/2012', 5),
('PH1919', 81, 'Orange', 'Small', 13.1, 0, 0, 75, 0, 1, '10/31/2016', 7),
('PH192', 164, 'Gray', 'Small', 22.0, 1, 0, 45, 1, 0, '03/12/2016', 1),
('PH1920', 127, 'Gray', 'Small', 22.7, 0, 0, 45, 0, 1, '7/20/2017', 7),
('PH1921', 88, 'Orange', 'Medium', 3.7, 1, 0, 28, 0, 0, '7/17/2015', 1),
('PH1922', 104, 'Gray', 'Small', 15.9, 0, 0, 50, 0, 1, '03/04/2005', 1),
('PH1923', 15, 'Orange', 'Large', 17.4, 0, 0, 2, 0, 0, '7/13/2018', 1),
('PH1924', 96, 'Black', 'Large', 15.3, 1, 1, 84, 0, 1, '6/15/2015', 2),
('PH1925', 167, 'Gray', 'Small', 22.2, 1, 0, 68, 1, 1, '3/20/2017', 5),
('PH1926', 123, 'Brown', 'Large', 12.1, 1, 0, 77, 0, 1, '11/17/2018', 3),
('PH1927', 1, 'Gray', 'Medium', 28.4, 1, 0, 24, 0, 1, '05/10/2014', 1),
('PH1928', 151, 'Black', 'Small', 15.0, 1, 0, 48, 0, 0, '07/06/2018', 1),
('PH1929', 122, 'Gray', 'Small', 17.6, 1, 0, 45, 0, 0, '9/21/2017', 2),
('PH193', 124, 'Black', 'Large', 15.7, 1, 0, 74, 0, 0, '06/03/2016', 2),
('PH1930', 167, 'Orange', 'Medium', 24.9, 0, 1, 58, 1, 1, '2/29/2016', 7),
('PH1931', 126, 'Orange', 'Large', 9.0, 1, 1, 36, 0, 0, '11/19/2018', 7),
('PH1932', 57, 'Black', 'Medium', 3.2, 1, 0, 2, 0, 0, '10/07/2017', 2),
('PH1933', 81, 'White', 'Medium', 21.5, 1, 0, 18, 0, 1, '2/14/2008', 2),
('PH1934', 162, 'Orange', 'Large', 15.0, 1, 0, 49, 0, 0, '9/15/2014', 2),
('PH1935', 169, 'Brown', 'Medium', 27.0, 1, 0, 8, 0, 0, '08/02/2017', 2),
('PH1936', 73, 'Black', 'Large', 29.5, 1, 1, 58, 0, 1, '12/05/2016', 5),
('PH1937', 141, 'Gray', 'Large', 12.6, 1, 0, 15, 0, 1, '09/12/2016', 5),
('PH1938', 70, 'Gray', 'Medium', 13.0, 1, 1, 17, 0, 1, '12/13/2017', 2),
('PH1939', 6, 'Brown', 'Large', 12.8, 1, 0, 23, 0, 1, '4/16/2018', 2),
('PH194', 166, 'Gray', 'Large', 20.7, 1, 1, 72, 1, 0, '1/23/2019', 1),
('PH1940', 84, 'Orange', 'Medium', 10.4, 1, 0, 66, 0, 0, '10/21/2016', 7),
('PH1941', 52, 'Black', 'Large', 23.7, 1, 0, 70, 0, 1, '8/13/2016', 1),
('PH1942', 3, 'Brown', 'Small', 23.0, 1, 0, 27, 0, 0, '6/29/2017', 1),
('PH1943', 81, 'Orange', 'Large', 14.9, 0, 0, 37, 1, 0, '1/25/2018', 3),
('PH1944', 63, 'Black', 'Large', 2.3, 0, 0, 49, 0, 1, '6/26/2015', 6),
('PH1945', 49, 'Gray', 'Medium', 10.0, 1, 0, 64, 1, 0, '10/10/2017', 7),
('PH1946', 76, 'Black', 'Large', 9.5, 1, 0, 34, 0, 0, '11/23/2016', 2),
('PH1947', 112, 'White', 'Small', 24.5, 0, 0, 18, 1, 0, '9/16/2014', 7),
('PH1948', 175, 'Black', 'Small', 3.5, 0, 0, 64, 0, 1, '10/22/2016', 3),
('PH1949', 109, 'White', 'Large', 24.4, 1, 0, 74, 0, 0, '1/19/2017', 6),
('PH195', 178, 'White', 'Medium', 6.9, 1, 0, 10, 0, 1, '02/08/2013', 1),
('PH1950', 65, 'Black', 'Large', 20.4, 1, 0, 44, 1, 1, '6/24/2010', 5),
('PH1951', 81, 'White', 'Small', 22.2, 1, 0, 17, 1, 1, '11/07/2018', 7),
('PH1952', 15, 'Gray', 'Medium', 13.5, 1, 0, 59, 0, 0, '05/09/2008', 2),
('PH1953', 100, 'Orange', 'Small', 20.7, 1, 1, 13, 0, 0, '08/08/2008', 2),
('PH1954', 32, 'White', 'Small', 18.7, 0, 0, 52, 0, 1, '01/04/2019', 2),
('PH1955', 96, 'White', 'Large', 23.3, 1, 0, 60, 1, 1, '9/30/2014', 7),
('PH1956', 128, 'Gray', 'Large', 14.0, 1, 0, 42, 0, 1, '12/23/2017', 1),
('PH1957', 146, 'White', 'Small', 14.7, 0, 1, 64, 0, 1, '11/09/2014', 7),
('PH1958', 113, 'Brown', 'Medium', 19.7, 1, 0, 66, 1, 1, '08/11/2014', 2),
('PH1959', 83, 'Gray', 'Small', 4.1, 1, 0, 34, 1, 0, '6/30/2005', 1),
('PH196', 63, 'Orange', 'Large', 22.6, 1, 0, 14, 0, 0, '01/02/2017', 2),
('PH1960', 43, 'Brown', 'Small', 13.7, 1, 0, 87, 0, 1, '1/21/2011', 2),
('PH1961', 116, 'Gray', 'Medium', 29.2, 1, 0, 71, 0, 0, '11/25/2014', 2),
('PH1962', 163, 'White', 'Small', 2.1, 1, 0, 64, 1, 1, '6/30/2016', 1),
('PH1963', 78, 'Brown', 'Small', 10.2, 1, 0, 33, 0, 0, '01/12/2018', 5),
('PH1964', 58, 'White', 'Large', 10.1, 1, 1, 12, 1, 1, '05/02/2016', 5),
('PH1965', 33, 'Gray', 'Medium', 19.4, 1, 1, 76, 0, 0, '11/26/2011', 2),
('PH1966', 14, 'White', 'Large', 4.1, 1, 0, 19, 0, 0, '9/28/2010', 5),
('PH1967', 162, 'Brown', 'Large', 19.2, 1, 0, 9, 0, 1, '05/10/2016', 1),
('PH1968', 132, 'Brown', 'Medium', 3.8, 1, 0, 74, 0, 0, '2/28/2016', 5),
('PH1969', 59, 'White', 'Medium', 3.8, 1, 0, 17, 1, 1, '6/16/2018', 1),
('PH197', 116, 'Gray', 'Large', 29.9, 0, 0, 46, 0, 0, '11/05/2016', 1),
('PH1970', 157, 'Black', 'Small', 22.1, 0, 0, 50, 0, 1, '12/04/2018', 3),
('PH1971', 83, 'Gray', 'Large', 10.4, 1, 0, 39, 0, 0, '5/14/2017', 2),
('PH1972', 134, 'Gray', 'Medium', 29.3, 1, 0, 41, 0, 0, '11/29/2010', 5),
('PH1973', 121, 'White', 'Large', 2.1, 0, 0, 10, 0, 1, '3/20/2010', 1),
('PH1974', 177, 'Black', 'Large', 13.9, 0, 0, 12, 0, 1, '7/19/2016', 4),
('PH1975', 168, 'Brown', 'Medium', 4.3, 1, 0, 79, 0, 1, '12/31/2017', 6),
('PH1976', 83, 'Orange', 'Small', 11.2, 0, 0, 15, 0, 0, '7/24/2018', 3),
('PH1977', 27, 'Orange', 'Large', 29.9, 0, 0, 28, 1, 0, '02/01/2016', 1),
('PH1978', 80, 'White', 'Medium', 26.8, 1, 0, 4, 1, 1, '10/07/2011', 2),
('PH1979', 134, 'Black', 'Small', 2.4, 0, 1, 36, 0, 0, '10/23/2016', 1),
('PH198', 62, 'Black', 'Medium', 20.3, 0, 0, 75, 0, 0, '12/17/2018', 3),
('PH1980', 13, 'Black', 'Large', 17.3, 1, 1, 65, 0, 0, '08/10/2003', 2),
('PH1981', 64, 'Gray', 'Medium', 19.8, 1, 0, 47, 0, 0, '01/03/2016', 1),
('PH1982', 147, 'Brown', 'Large', 7.1, 1, 0, 81, 0, 1, '2/27/2016', 5),
('PH1983', 80, 'Black', 'Medium', 5.2, 1, 0, 39, 1, 1, '8/20/2018', 5),
('PH1984', 123, 'Orange', 'Medium', 27.2, 1, 0, 38, 0, 0, '6/23/2016', 4),
('PH1985', 43, 'Brown', 'Large', 29.1, 1, 0, 44, 0, 0, '9/13/2015', 5),
('PH1986', 89, 'Brown', 'Large', 29.8, 1, 0, 51, 0, 1, '4/23/2015', 6),
('PH1987', 148, 'White', 'Medium', 23.9, 1, 0, 85, 0, 0, '7/29/2017', 1),
('PH1988', 95, 'Black', 'Small', 20.2, 1, 0, 26, 0, 1, '08/01/2016', 1),
('PH1989', 172, 'White', 'Large', 11.0, 1, 1, 36, 0, 1, '8/15/2016', 7),
('PH199', 7, 'Black', 'Large', 15.3, 1, 0, 6, 0, 1, '10/29/2017', 6),
('PH1990', 151, 'Black', 'Medium', 6.0, 1, 0, 69, 0, 1, '10/13/2016', 1),
('PH1991', 2, 'Gray', 'Medium', 3.3, 1, 0, 1, 1, 1, '1/25/2019', 6),
('PH1992', 120, 'White', 'Small', 21.1, 1, 0, 53, 1, 1, '07/05/2015', 3),
('PH1993', 22, 'White', 'Small', 23.8, 1, 0, 6, 1, 1, '11/16/2016', 4),
('PH1994', 115, 'Orange', 'Small', 25.0, 1, 0, 37, 1, 1, '10/30/2015', 1),
('PH1995', 57, 'White', 'Large', 27.5, 1, 0, 2, 0, 0, '10/08/2015', 1),
('PH1996', 72, 'Black', 'Medium', 26.5, 0, 0, 69, 1, 1, '05/12/2018', 2),
('PH1997', 7, 'Orange', 'Medium', 30.0, 1, 1, 41, 0, 0, '04/12/2018', 2),
('PH1998', 119, 'White', 'Medium', 8.1, 1, 0, 51, 0, 0, '10/31/2015', 5),
('PH1999', 114, 'White', 'Small', 23.1, 1, 1, 47, 1, 0, '5/13/2016', 2),
('PH200', 155, 'White', 'Medium', 27.8, 0, 1, 21, 0, 0, '6/13/2018', 7),
('PH2000', 16, 'Gray', 'Medium', 18.0, 0, 0, 13, 0, 1, '9/28/2011', 6),
('PH2001', 83, 'White', 'Large', 8.6, 1, 0, 76, 1, 0, '6/24/2008', 6),
('PH2002', 179, 'Brown', 'Small', 29.5, 1, 0, 69, 0, 1, '06/01/2016', 1),
('PH2003', 72, 'Orange', 'Small', 27.0, 1, 0, 66, 1, 1, '7/16/2016', 7),
('PH2004', 124, 'Brown', 'Small', 4.7, 1, 1, 59, 0, 0, '08/06/2018', 2),
('PH2005', 113, 'Orange', 'Small', 1.8, 1, 0, 68, 0, 0, '6/27/2015', 2),
('PH2006', 12, 'Gray', 'Large', 21.0, 1, 0, 59, 0, 0, '10/23/2017', 4),
('PH2007', 126, 'White', 'Medium', 18.5, 1, 0, 10, 1, 0, '7/27/2011', 2),
('PH201', 92, 'Black', 'Small', 1.5, 1, 0, 62, 1, 0, '12/28/2018', 6),
('PH202', 14, 'Brown', 'Medium', 22.2, 1, 0, 19, 0, 1, '08/05/2015', 1),
('PH203', 86, 'Orange', 'Small', 26.8, 1, 0, 88, 0, 0, '11/15/2015', 1),
('PH204', 133, 'Gray', 'Small', 2.8, 0, 0, 82, 0, 0, '2/19/2019', 2),
('PH205', 130, 'Orange', 'Large', 14.1, 0, 0, 62, 1, 0, '07/05/2014', 2),
('PH206', 62, 'White', 'Large', 6.9, 1, 0, 83, 1, 1, '12/15/2016', 4),
('PH207', 149, 'Gray', 'Large', 17.4, 1, 0, 53, 1, 0, '07/04/2017', 2),
('PH208', 79, 'Gray', 'Medium', 19.8, 1, 0, 24, 0, 1, '7/29/2014', 1),
('PH209', 149, 'Brown', 'Large', 9.8, 0, 1, 56, 0, 0, '4/23/2016', 6),
('PH210', 138, 'White', 'Small', 14.3, 0, 0, 62, 0, 0, '06/07/2011', 3),
('PH211', 58, 'Black', 'Large', 9.1, 0, 0, 34, 0, 0, '2/29/2012', 2),
('PH212', 120, 'Brown', 'Large', 11.7, 1, 0, 22, 0, 0, '01/08/2015', 2),
('PH213', 167, 'Brown', 'Medium', 5.6, 0, 0, 68, 0, 0, '11/13/2018', 1),
('PH214', 133, 'Orange', 'Medium', 26.7, 0, 0, 57, 0, 0, '01/06/2017', 2),
('PH215', 65, 'Orange', 'Small', 1.3, 0, 0, 10, 0, 0, '8/31/2017', 1),
('PH216', 13, 'Orange', 'Medium', 26.6, 1, 0, 66, 0, 1, '9/14/2017', 5),
('PH217', 82, 'Brown', 'Large', 17.6, 1, 0, 8, 1, 0, '01/07/2015', 1),
('PH218', 173, 'Black', 'Medium', 10.6, 1, 0, 38, 0, 1, '12/15/2004', 1),
('PH219', 160, 'Gray', 'Small', 22.0, 0, 0, 62, 1, 0, '3/20/2006', 2),
('PH220', 164, 'Orange', 'Large', 15.7, 1, 0, 28, 0, 0, '08/10/2016', 2),
('PH221', 139, 'Black', 'Small', 15.5, 1, 0, 10, 0, 0, '05/11/2018', 1),
('PH222', 149, 'White', 'Medium', 4.2, 0, 1, 45, 0, 0, '7/22/2017', 2),
('PH223', 52, 'Orange', 'Medium', 12.3, 0, 0, 65, 1, 1, '6/30/2007', 4),
('PH224', 117, 'Gray', 'Small', 8.0, 1, 0, 67, 0, 0, '12/11/2016', 2),
('PH225', 26, 'White', 'Large', 1.5, 0, 0, 9, 1, 0, '03/04/2016', 2),
('PH226', 34, 'White', 'Medium', 11.4, 0, 0, 5, 0, 0, '7/19/2012', 1),
('PH227', 52, 'Gray', 'Medium', 3.6, 1, 0, 10, 0, 1, '3/25/2009', 6),
('PH228', 112, 'Orange', 'Large', 8.4, 1, 1, 12, 1, 0, '09/02/2017', 3),
('PH229', 82, 'Brown', 'Medium', 3.7, 1, 0, 82, 0, 1, '12/08/2006', 2),
('PH230', 157, 'Gray', 'Small', 3.9, 1, 1, 58, 1, 0, '07/09/2015', 4),
('PH231', 166, 'Gray', 'Medium', 6.8, 1, 0, 21, 0, 1, '3/31/2018', 5),
('PH232', 42, 'Gray', 'Medium', 30.0, 1, 0, 21, 0, 1, '12/13/2017', 1),
('PH233', 21, 'White', 'Large', 1.1, 0, 0, 65, 1, 0, '11/23/2016', 6),
('PH234', 42, 'Black', 'Small', 19.5, 1, 0, 3, 1, 0, '10/24/2017', 1),
('PH235', 141, 'Brown', 'Large', 5.1, 0, 0, 69, 0, 0, '9/16/2016', 1),
('PH236', 113, 'Orange', 'Medium', 27.7, 1, 1, 89, 1, 0, '01/03/2008', 2),
('PH237', 105, 'Orange', 'Medium', 3.7, 1, 0, 64, 0, 1, '7/30/2012', 2),
('PH238', 17, 'Black', 'Large', 28.7, 1, 1, 49, 1, 0, '08/02/2016', 6),
('PH239', 120, 'Gray', 'Large', 18.7, 1, 1, 72, 0, 0, '3/21/2006', 4),
('PH240', 137, 'Brown', 'Large', 1.0, 1, 1, 17, 0, 0, '5/24/2015', 5),
('PH241', 169, 'Orange', 'Small', 26.9, 1, 0, 73, 0, 0, '11/07/2016', 2),
('PH242', 129, 'Orange', 'Medium', 16.1, 1, 0, 32, 0, 1, '07/03/2013', 6),
('PH243', 130, 'Gray', 'Large', 8.6, 1, 0, 70, 0, 1, '11/04/2015', 4),
('PH244', 60, 'Black', 'Medium', 23.3, 1, 0, 21, 0, 1, '3/17/2019', 2),
('PH245', 48, 'Brown', 'Small', 27.9, 1, 0, 7, 0, 0, '10/15/2016', 1),
('PH246', 29, 'Black', 'Small', 15.0, 1, 0, 7, 1, 0, '12/29/2015', 1),
('PH247', 97, 'Black', 'Small', 10.2, 1, 0, 27, 0, 1, '11/09/2014', 4),
('PH248', 10, 'Brown', 'Small', 23.9, 0, 1, 8, 0, 0, '5/23/2015', 1),
('PH249', 58, 'Brown', 'Medium', 20.8, 1, 1, 73, 0, 0, '8/27/2013', 1),
('PH250', 21, 'Orange', 'Small', 26.8, 1, 0, 28, 1, 1, '07/03/2015', 2),
('PH251', 28, 'Orange', 'Small', 21.1, 1, 0, 79, 0, 0, '6/25/2018', 2),
('PH252', 34, 'Brown', 'Large', 8.1, 1, 0, 66, 0, 0, '11/21/2017', 1),
('PH253', 8, 'White', 'Small', 28.0, 1, 0, 71, 0, 1, '8/24/2010', 2),
('PH254', 177, 'Orange', 'Large', 4.0, 0, 0, 47, 0, 0, '11/30/2016', 2),
('PH255', 79, 'White', 'Small', 8.8, 0, 0, 82, 0, 0, '7/29/2018', 6),
('PH256', 145, 'Brown', 'Small', 16.1, 1, 0, 86, 0, 0, '2/25/2018', 3),
('PH257', 87, 'Orange', 'Large', 17.4, 0, 0, 10, 0, 0, '5/22/2009', 7),
('PH258', 88, 'Black', 'Small', 1.4, 1, 0, 33, 0, 0, '5/18/2012', 2),
('PH259', 173, 'Brown', 'Medium', 23.6, 1, 0, 7, 0, 1, '8/24/2016', 2),
('PH260', 69, 'Gray', 'Medium', 11.5, 1, 1, 3, 0, 0, '02/03/2018', 5),
('PH261', 160, 'White', 'Small', 12.8, 1, 0, 14, 0, 0, '4/22/2016', 2),
('PH262', 172, 'Brown', 'Medium', 24.5, 0, 0, 44, 1, 0, '11/24/2016', 5),
('PH263', 87, 'Brown', 'Large', 12.0, 1, 0, 46, 1, 0, '8/28/2017', 1),
('PH264', 101, 'Orange', 'Small', 2.4, 1, 0, 61, 0, 1, '11/08/2015', 4),
('PH265', 8, 'Orange', 'Small', 6.1, 1, 0, 36, 0, 1, '04/07/2017', 6),
('PH266', 77, 'Orange', 'Large', 28.7, 0, 0, 13, 0, 0, '12/24/2014', 6),
('PH267', 87, 'Gray', 'Large', 3.0, 1, 0, 16, 0, 0, '04/09/2011', 6),
('PH268', 43, 'Orange', 'Large', 11.3, 0, 0, 80, 0, 0, '7/26/2016', 1),
('PH269', 129, 'Brown', 'Small', 15.6, 1, 0, 5, 0, 0, '07/09/2016', 2),
('PH270', 109, 'Orange', 'Large', 15.3, 0, 0, 89, 1, 0, '07/11/2017', 4),
('PH271', 179, 'Black', 'Large', 1.1, 0, 0, 38, 1, 0, '1/25/2017', 2),
('PH272', 152, 'Orange', 'Medium', 15.5, 0, 0, 50, 0, 1, '07/05/2016', 4),
('PH273', 152, 'Gray', 'Medium', 12.1, 1, 0, 38, 0, 1, '11/02/2016', 5),
('PH274', 17, 'Black', 'Small', 29.2, 1, 1, 56, 1, 0, '12/05/2016', 2),
('PH275', 133, 'Brown', 'Medium', 5.6, 1, 1, 63, 1, 0, '9/18/2015', 2),
('PH276', 148, 'Brown', 'Medium', 11.3, 1, 0, 48, 1, 1, '12/03/2015', 2),
('PH277', 21, 'White', 'Large', 13.2, 1, 1, 59, 0, 0, '10/15/2016', 2),
('PH278', 58, 'Black', 'Large', 12.3, 1, 0, 77, 0, 0, '1/27/2016', 2),
('PH279', 159, 'White', 'Medium', 20.3, 1, 1, 44, 0, 0, '7/14/2015', 1),
('PH280', 110, 'Black', 'Medium', 7.2, 0, 0, 55, 0, 0, '12/06/2016', 1),
('PH281', 139, 'Black', 'Medium', 7.4, 1, 0, 55, 0, 1, '8/27/2014', 4),
('PH282', 143, 'Gray', 'Small', 22.1, 1, 1, 1, 0, 0, '03/08/2017', 2),
('PH283', 135, 'White', 'Small', 15.5, 1, 0, 8, 1, 0, '07/06/2017', 2),
('PH284', 28, 'Gray', 'Small', 13.0, 1, 0, 4, 1, 0, '12/25/2017', 1),
('PH285', 51, 'Black', 'Medium', 5.9, 0, 0, 85, 0, 0, '10/20/2016', 1),
('PH286', 5, 'Brown', 'Medium', 6.4, 0, 0, 86, 1, 1, '5/17/2009', 5),
('PH287', 5, 'Black', 'Small', 1.3, 1, 0, 53, 0, 1, '7/21/2008', 6),
('PH288', 94, 'Gray', 'Small', 3.7, 0, 0, 58, 1, 0, '4/30/2010', 6),
('PH289', 96, 'White', 'Medium', 17.1, 0, 1, 37, 0, 0, '10/04/2016', 5),
('PH290', 8, 'White', 'Large', 26.9, 0, 0, 49, 0, 0, '4/14/2016', 1),
('PH291', 64, 'Gray', 'Small', 9.3, 1, 1, 67, 0, 0, '7/20/2017', 6),
('PH292', 138, 'White', 'Medium', 10.5, 0, 1, 19, 0, 0, '1/27/2011', 1),
('PH293', 38, 'Orange', 'Medium', 4.4, 1, 0, 1, 0, 1, '12/14/2010', 1),
('PH294', 111, 'Brown', 'Large', 12.3, 1, 0, 29, 0, 0, '08/01/2015', 5),
('PH295', 112, 'Brown', 'Medium', 2.1, 1, 1, 87, 1, 0, '12/24/2017', 5),
('PH296', 81, 'Brown', 'Medium', 27.6, 0, 0, 33, 0, 0, '11/21/2016', 2),
('PH297', 136, 'White', 'Small', 20.5, 1, 0, 52, 0, 0, '11/29/2018', 1),
('PH298', 104, 'White', 'Small', 29.7, 1, 0, 41, 0, 0, '8/29/2017', 2),
('PH299', 153, 'Black', 'Large', 26.6, 1, 0, 23, 0, 1, '10/18/2010', 4),
('PH300', 73, 'Black', 'Large', 14.7, 1, 0, 5, 0, 0, '07/02/2018', 2),
('PH301', 178, 'Brown', 'Medium', 16.1, 1, 0, 71, 1, 1, '12/12/2016', 3),
('PH302', 49, 'Orange', 'Small', 6.5, 0, 0, 57, 0, 0, '10/12/2017', 2),
('PH303', 36, 'Black', 'Large', 14.4, 1, 0, 6, 0, 0, '10/05/2016', 1),
('PH304', 126, 'Black', 'Large', 27.2, 1, 1, 49, 1, 0, '07/07/2018', 2),
('PH305', 68, 'White', 'Large', 2.5, 0, 0, 22, 0, 0, '12/26/2017', 4),
('PH306', 78, 'Orange', 'Medium', 26.0, 1, 1, 77, 0, 0, '7/15/2016', 2),
('PH307', 105, 'Brown', 'Small', 10.9, 1, 0, 76, 1, 0, '08/09/2016', 2),
('PH308', 169, 'Black', 'Large', 27.1, 0, 0, 4, 0, 0, '5/29/2015', 5),
('PH309', 122, 'Orange', 'Small', 28.3, 0, 0, 72, 0, 0, '2/27/2015', 5),
('PH310', 119, 'Orange', 'Large', 20.5, 0, 1, 64, 1, 0, '05/05/2018', 5),
('PH311', 114, 'Brown', 'Large', 20.3, 1, 0, 37, 0, 0, '5/16/2016', 2),
('PH312', 10, 'Orange', 'Small', 14.1, 0, 0, 31, 0, 1, '4/27/2018', 4),
('PH313', 149, 'Orange', 'Small', 25.2, 0, 1, 37, 1, 0, '12/09/2016', 2),
('PH314', 164, 'Orange', 'Small', 28.9, 0, 0, 45, 0, 0, '7/13/2016', 4),
('PH315', 140, 'Black', 'Medium', 23.5, 1, 0, 8, 0, 1, '08/02/2016', 5),
('PH316', 91, 'Brown', 'Large', 19.0, 1, 0, 40, 1, 0, '12/11/2011', 1),
('PH317', 2, 'Orange', 'Medium', 18.6, 1, 1, 5, 1, 1, '4/15/2017', 1),
('PH318', 118, 'Orange', 'Small', 25.6, 0, 0, 28, 0, 0, '6/29/2018', 2),
('PH319', 13, 'Black', 'Large', 16.7, 1, 0, 81, 0, 1, '7/25/2016', 3),
('PH320', 160, 'Brown', 'Medium', 24.3, 1, 1, 87, 1, 1, '2/17/2017', 4),
('PH321', 95, 'White', 'Large', 15.8, 1, 0, 9, 1, 0, '1/26/2015', 2),
('PH322', 144, 'Black', 'Medium', 2.8, 1, 0, 2, 0, 1, '6/23/2016', 1),
('PH323', 32, 'Brown', 'Small', 12.1, 1, 0, 63, 0, 0, '6/24/2014', 3),
('PH324', 32, 'Orange', 'Medium', 13.9, 1, 0, 51, 0, 1, '9/14/2010', 2),
('PH325', 124, 'Brown', 'Large', 5.1, 0, 0, 31, 1, 0, '7/26/2017', 5),
('PH326', 11, 'Brown', 'Large', 4.0, 1, 1, 7, 1, 0, '8/16/2016', 5),
('PH327', 10, 'Brown', 'Large', 16.5, 1, 0, 30, 1, 1, '1/30/2016', 6),
('PH328', 15, 'White', 'Large', 3.5, 1, 0, 58, 1, 1, '4/30/2013', 1),
('PH329', 17, 'Brown', 'Small', 9.8, 1, 0, 3, 0, 1, '07/06/2018', 2),
('PH330', 168, 'White', 'Medium', 22.6, 1, 0, 51, 0, 1, '5/29/2017', 6),
('PH331', 146, 'Orange', 'Small', 29.0, 0, 0, 56, 1, 0, '04/09/2009', 6),
('PH332', 153, 'White', 'Small', 21.8, 0, 0, 73, 1, 0, '9/13/2015', 1),
('PH333', 59, 'Orange', 'Small', 29.8, 1, 0, 10, 0, 0, '07/06/2009', 5),
('PH334', 78, 'Orange', 'Large', 21.3, 1, 0, 61, 0, 0, '08/04/2014', 5),
('PH335', 124, 'White', 'Large', 9.5, 0, 0, 50, 1, 0, '6/22/2016', 1),
('PH336', 114, 'Black', 'Large', 20.5, 0, 0, 47, 0, 0, '6/18/2017', 6),
('PH337', 22, 'Gray', 'Medium', 21.4, 1, 1, 1, 0, 1, '06/10/2017', 5),
('PH338', 158, 'Brown', 'Large', 11.8, 1, 0, 57, 0, 0, '7/26/2014', 2),
('PH339', 172, 'Gray', 'Medium', 1.5, 1, 0, 38, 0, 1, '08/01/2016', 4),
('PH340', 32, 'Brown', 'Large', 21.4, 1, 1, 62, 0, 0, '9/17/2017', 1),
('PH341', 179, 'Brown', 'Large', 1.6, 1, 0, 79, 1, 0, '06/12/2017', 6),
('PH342', 174, 'Orange', 'Small', 19.3, 1, 0, 89, 0, 0, '9/25/2017', 1),
('PH343', 113, 'Brown', 'Small', 5.7, 1, 0, 70, 0, 0, '1/22/2007', 7),
('PH344', 120, 'Brown', 'Small', 17.4, 1, 0, 82, 0, 0, '1/13/2010', 1),
('PH345', 149, 'White', 'Medium', 15.6, 1, 0, 65, 1, 1, '11/22/2015', 5),
('PH346', 122, 'Gray', 'Medium', 1.4, 1, 1, 62, 1, 0, '08/07/2016', 5),
('PH347', 32, 'White', 'Large', 11.5, 1, 0, 56, 1, 0, '06/07/2016', 2),
('PH348', 119, 'Brown', 'Medium', 18.4, 1, 0, 67, 1, 1, '08/12/2016', 7),
('PH349', 39, 'Orange', 'Large', 25.6, 0, 0, 17, 0, 0, '07/09/2016', 1),
('PH350', 12, 'White', 'Medium', 26.8, 0, 1, 8, 0, 1, '11/23/2017', 4),
('PH351', 175, 'White', 'Medium', 15.0, 0, 0, 60, 0, 0, '5/15/2017', 2),
('PH352', 18, 'Black', 'Medium', 22.1, 0, 1, 40, 0, 0, '08/08/2016', 7),
('PH353', 149, 'Brown', 'Small', 10.2, 0, 0, 81, 1, 0, '7/16/2018', 2),
('PH354', 141, 'Orange', 'Medium', 10.9, 1, 0, 89, 0, 1, '3/29/2014', 6),
('PH355', 149, 'White', 'Small', 6.6, 1, 0, 62, 1, 0, '07/05/2015', 1),
('PH356', 126, 'White', 'Small', 17.3, 1, 0, 41, 0, 0, '02/05/2018', 1),
('PH357', 136, 'Orange', 'Medium', 10.1, 0, 0, 12, 0, 0, '7/25/2017', 1),
('PH358', 46, 'Brown', 'Large', 3.4, 1, 0, 89, 0, 0, '10/02/2015', 2),
('PH359', 104, 'Black', 'Large', 20.9, 1, 0, 54, 0, 0, '1/19/2017', 6),
('PH360', 135, 'White', 'Large', 21.5, 1, 0, 89, 0, 0, '8/30/2018', 2),
('PH361', 151, 'Black', 'Medium', 11.4, 1, 1, 11, 0, 0, '07/09/2016', 1),
('PH362', 86, 'Gray', 'Large', 3.2, 0, 1, 60, 0, 0, '2/18/2018', 1),
('PH363', 150, 'Brown', 'Small', 13.4, 0, 0, 68, 0, 0, '04/05/2016', 5),
('PH364', 89, 'Gray', 'Large', 13.8, 1, 0, 78, 0, 0, '07/06/2015', 7),
('PH365', 22, 'Gray', 'Medium', 20.4, 0, 0, 46, 0, 1, '6/18/2016', 1),
('PH366', 92, 'Gray', 'Large', 10.1, 1, 0, 38, 0, 0, '6/17/2018', 5),
('PH367', 29, 'Brown', 'Small', 20.8, 1, 1, 61, 0, 0, '7/14/2015', 6),
('PH368', 13, 'Brown', 'Medium', 26.3, 0, 0, 17, 0, 1, '4/15/2016', 6),
('PH369', 2, 'Orange', 'Large', 7.9, 0, 1, 66, 0, 0, '12/11/2015', 7),
('PH370', 29, 'Black', 'Medium', 29.4, 1, 1, 72, 0, 0, '3/26/2015', 5),
('PH371', 27, 'Black', 'Medium', 12.2, 1, 1, 36, 0, 0, '4/23/2016', 5),
('PH372', 50, 'Orange', 'Medium', 8.8, 1, 0, 74, 0, 1, '7/17/2014', 2),
('PH373', 95, 'Orange', 'Large', 13.2, 0, 0, 7, 0, 0, '3/20/2010', 4),
('PH374', 151, 'Gray', 'Medium', 3.7, 0, 0, 16, 0, 0, '9/27/2013', 2),
('PH375', 88, 'Orange', 'Large', 4.6, 0, 0, 14, 1, 0, '4/15/2016', 4),
('PH376', 44, 'White', 'Small', 13.0, 0, 0, 80, 0, 0, '05/10/2015', 1),
('PH377', 22, 'Black', 'Large', 23.1, 1, 0, 25, 0, 1, '1/29/2017', 2),
('PH378', 171, 'Orange', 'Small', 27.1, 0, 0, 4, 1, 0, '12/28/2015', 5),
('PH379', 165, 'White', 'Large', 20.3, 1, 0, 29, 0, 0, '09/10/2017', 2),
('PH380', 97, 'White', 'Medium', 4.1, 1, 0, 56, 1, 1, '01/05/2015', 2),
('PH381', 3, 'White', 'Large', 20.5, 0, 0, 6, 0, 0, '11/21/2016', 5),
('PH382', 118, 'White', 'Medium', 19.4, 1, 0, 1, 0, 1, '07/01/2014', 1),
('PH383', 19, 'Gray', 'Small', 24.4, 1, 0, 39, 1, 1, '4/30/2016', 1),
('PH384', 23, 'White', 'Large', 24.9, 1, 0, 1, 0, 1, '08/05/2007', 2),
('PH385', 157, 'Gray', 'Medium', 26.2, 1, 0, 63, 0, 1, '6/27/2015', 2),
('PH386', 30, 'Gray', 'Small', 13.0, 1, 0, 57, 0, 0, '06/02/2017', 2),
('PH387', 39, 'White', 'Small', 21.2, 1, 0, 67, 0, 0, '9/14/2016', 7),
('PH388', 108, 'Black', 'Large', 8.8, 1, 0, 65, 0, 0, '11/24/2016', 2),
('PH389', 111, 'White', 'Small', 30.0, 1, 0, 65, 0, 0, '8/28/2013', 6),
('PH390', 25, 'White', 'Medium', 6.1, 1, 0, 21, 1, 1, '1/30/2016', 1),
('PH391', 128, 'White', 'Small', 1.3, 1, 0, 30, 1, 0, '11/14/2009', 3),
('PH392', 111, 'Black', 'Small', 5.3, 1, 0, 33, 0, 0, '12/09/2016', 1),
('PH393', 136, 'Brown', 'Medium', 23.5, 1, 0, 48, 1, 1, '8/26/2012', 2),
('PH394', 106, 'Brown', 'Small', 14.0, 1, 1, 22, 0, 0, '6/24/2017', 5),
('PH395', 144, 'Gray', 'Small', 14.0, 0, 0, 54, 0, 0, '11/06/2017', 5),
('PH396', 72, 'Gray', 'Small', 28.7, 1, 1, 4, 1, 0, '5/30/2012', 5),
('PH397', 129, 'Black', 'Small', 27.7, 1, 0, 87, 1, 0, '10/07/2013', 5),
('PH398', 108, 'Orange', 'Medium', 10.0, 1, 0, 55, 1, 1, '08/04/2017', 1),
('PH399', 5, 'Brown', 'Small', 7.1, 1, 0, 44, 0, 1, '01/02/2007', 4),
('PH400', 3, 'Gray', 'Medium', 25.6, 1, 0, 89, 0, 1, '9/28/2014', 7),
('PH401', 132, 'Brown', 'Small', 27.3, 1, 0, 12, 1, 0, '09/05/2015', 5);
INSERT INTO `pet_house` (`PetHouseId`, `AgeMonths`, `Color`, `Size`, `WeightKg`, `Vaccinated`, `HealthCondition`, `TimeInShelterDays`, `PreviousOwner`, `AdoptionLikelihood`, `DateEntered`, `SpeciesID_fk`) VALUES
('PH402', 104, 'Black', 'Small', 16.7, 0, 0, 81, 0, 0, '07/08/2016', 1),
('PH403', 64, 'Black', 'Small', 19.3, 1, 0, 79, 0, 0, '01/10/2010', 6),
('PH404', 106, 'Orange', 'Small', 8.5, 1, 0, 74, 0, 0, '11/22/2016', 6),
('PH405', 98, 'Orange', 'Medium', 24.2, 1, 0, 52, 1, 1, '7/14/2018', 2),
('PH406', 10, 'Black', 'Medium', 19.3, 1, 1, 76, 0, 1, '01/07/2019', 4),
('PH407', 149, 'Gray', 'Medium', 15.6, 1, 0, 65, 0, 1, '3/26/2016', 4),
('PH408', 128, 'Brown', 'Large', 2.7, 0, 0, 65, 0, 0, '4/14/2017', 2),
('PH409', 46, 'White', 'Small', 27.6, 0, 0, 10, 0, 0, '1/23/2015', 3),
('PH410', 155, 'Orange', 'Small', 18.8, 1, 0, 18, 1, 0, '5/28/2014', 2),
('PH411', 66, 'White', 'Medium', 6.6, 0, 1, 47, 0, 0, '6/24/2018', 1),
('PH412', 169, 'Gray', 'Large', 18.6, 1, 0, 66, 0, 0, '12/01/2014', 7),
('PH413', 112, 'Orange', 'Small', 20.6, 1, 0, 49, 0, 0, '04/12/2017', 3),
('PH414', 13, 'White', 'Medium', 16.2, 1, 0, 72, 0, 1, '7/27/2016', 1),
('PH415', 137, 'Gray', 'Small', 21.8, 0, 0, 22, 0, 0, '1/24/2009', 2),
('PH416', 164, 'Brown', 'Small', 17.9, 1, 0, 86, 0, 0, '3/29/2015', 6),
('PH417', 86, 'Gray', 'Medium', 28.5, 1, 1, 26, 0, 0, '4/29/2017', 1),
('PH418', 90, 'Orange', 'Medium', 2.6, 1, 0, 9, 0, 1, '3/22/2012', 7),
('PH419', 58, 'Black', 'Small', 4.1, 1, 1, 21, 1, 0, '09/03/2017', 4),
('PH420', 54, 'Brown', 'Small', 6.0, 0, 1, 63, 1, 0, '10/05/2015', 6),
('PH421', 12, 'White', 'Medium', 21.0, 1, 0, 6, 0, 1, '6/18/2016', 3),
('PH422', 14, 'Orange', 'Small', 19.7, 1, 0, 14, 0, 1, '5/24/2017', 7),
('PH423', 121, 'Black', 'Small', 26.9, 1, 0, 33, 1, 0, '6/27/2010', 6),
('PH424', 162, 'Gray', 'Medium', 22.3, 1, 0, 71, 0, 1, '2/19/2017', 2),
('PH425', 121, 'Black', 'Small', 15.7, 1, 0, 24, 0, 0, '10/30/2016', 7),
('PH426', 20, 'Orange', 'Small', 29.8, 0, 1, 73, 1, 0, '08/08/2011', 6),
('PH427', 75, 'Orange', 'Large', 8.7, 0, 0, 75, 0, 0, '12/16/2018', 3),
('PH428', 144, 'Black', 'Medium', 25.2, 1, 0, 87, 0, 1, '05/12/2016', 2),
('PH429', 70, 'Gray', 'Large', 13.4, 1, 0, 51, 0, 0, '5/23/2016', 7),
('PH430', 56, 'Black', 'Large', 19.8, 0, 0, 2, 0, 0, '12/05/2015', 5),
('PH431', 101, 'Orange', 'Large', 22.1, 1, 1, 15, 1, 0, '2/16/2016', 1),
('PH432', 132, 'Orange', 'Small', 19.4, 1, 0, 35, 0, 0, '07/04/2017', 6),
('PH433', 111, 'White', 'Small', 5.1, 1, 0, 36, 0, 0, '04/11/2016', 5),
('PH434', 125, 'White', 'Large', 13.8, 1, 0, 39, 1, 0, '7/14/2017', 2),
('PH435', 132, 'Brown', 'Large', 17.3, 1, 1, 4, 1, 0, '10/06/2010', 6),
('PH436', 20, 'Orange', 'Large', 25.6, 1, 0, 64, 0, 1, '11/16/2017', 1),
('PH437', 138, 'White', 'Small', 13.9, 1, 1, 74, 0, 0, '03/03/2017', 6),
('PH438', 24, 'Black', 'Large', 27.6, 1, 0, 6, 0, 0, '08/01/2015', 1),
('PH439', 154, 'Gray', 'Large', 13.8, 1, 0, 57, 1, 0, '2/24/2015', 6),
('PH440', 37, 'Black', 'Medium', 16.9, 0, 0, 30, 0, 1, '2/15/2018', 4),
('PH441', 54, 'Gray', 'Medium', 24.1, 0, 0, 74, 0, 0, '8/24/2017', 3),
('PH442', 103, 'White', 'Small', 17.9, 1, 0, 67, 0, 0, '12/20/2011', 5),
('PH443', 149, 'Brown', 'Medium', 28.8, 1, 0, 15, 0, 1, '7/29/2013', 2),
('PH444', 38, 'Black', 'Medium', 20.1, 1, 0, 17, 0, 1, '11/26/2013', 2),
('PH445', 174, 'Black', 'Medium', 16.2, 1, 0, 18, 0, 1, '08/08/2016', 2),
('PH446', 4, 'Black', 'Small', 1.7, 1, 0, 19, 0, 1, '09/04/2011', 1),
('PH447', 57, 'Gray', 'Medium', 13.0, 1, 0, 76, 0, 1, '3/18/2013', 2),
('PH448', 173, 'White', 'Small', 9.7, 1, 0, 88, 0, 0, '7/27/2017', 2),
('PH449', 20, 'Black', 'Large', 22.7, 1, 0, 69, 0, 1, '9/14/2016', 2),
('PH450', 17, 'Black', 'Medium', 7.0, 0, 0, 24, 1, 1, '3/17/2019', 5),
('PH451', 119, 'Brown', 'Small', 7.0, 1, 0, 48, 1, 0, '11/13/2016', 2),
('PH452', 71, 'Brown', 'Medium', 6.5, 1, 0, 30, 0, 1, '05/10/2016', 4),
('PH453', 4, 'White', 'Large', 4.6, 1, 1, 15, 0, 0, '12/22/2016', 3),
('PH454', 14, 'White', 'Small', 10.0, 1, 0, 47, 0, 1, '9/14/2015', 1),
('PH455', 3, 'Orange', 'Small', 26.7, 1, 0, 44, 0, 1, '03/10/2018', 3),
('PH456', 80, 'Brown', 'Small', 23.5, 1, 1, 27, 0, 0, '03/08/2018', 4),
('PH457', 55, 'Orange', 'Large', 22.3, 1, 1, 84, 0, 0, '7/14/2017', 2),
('PH458', 132, 'Gray', 'Large', 24.1, 0, 0, 64, 1, 0, '6/30/2017', 5),
('PH459', 120, 'Orange', 'Large', 8.8, 1, 1, 41, 0, 0, '10/01/2017', 2),
('PH460', 24, 'Black', 'Small', 26.7, 0, 0, 68, 0, 0, '7/28/2016', 4),
('PH461', 162, 'Orange', 'Large', 5.0, 1, 0, 5, 0, 0, '07/10/2015', 2),
('PH462', 158, 'White', 'Medium', 10.8, 0, 0, 53, 1, 0, '8/18/2015', 1),
('PH463', 82, 'Gray', 'Large', 18.0, 1, 0, 8, 0, 0, '1/19/2019', 6),
('PH464', 147, 'Black', 'Small', 4.0, 0, 0, 22, 1, 0, '7/18/2016', 3),
('PH465', 159, 'Orange', 'Medium', 22.2, 0, 1, 7, 0, 0, '11/13/2017', 5),
('PH466', 60, 'Gray', 'Large', 12.2, 1, 1, 22, 1, 0, '9/15/2016', 1),
('PH467', 147, 'Gray', 'Medium', 23.7, 1, 0, 46, 1, 1, '8/23/2014', 7),
('PH468', 49, 'Black', 'Medium', 15.3, 0, 0, 30, 1, 0, '09/04/2017', 2),
('PH469', 63, 'Orange', 'Small', 6.2, 1, 0, 16, 0, 0, '10/18/2016', 7),
('PH470', 110, 'Gray', 'Medium', 22.3, 1, 0, 79, 0, 1, '01/04/2019', 6),
('PH471', 150, 'Gray', 'Medium', 8.3, 1, 0, 5, 0, 1, '04/09/2007', 6),
('PH472', 152, 'Brown', 'Small', 15.2, 0, 0, 67, 1, 0, '1/24/2013', 1),
('PH473', 109, 'Gray', 'Small', 3.2, 1, 1, 23, 0, 0, '7/13/2016', 3),
('PH474', 76, 'Brown', 'Small', 18.9, 0, 0, 61, 0, 0, '6/28/2017', 2),
('PH475', 30, 'Orange', 'Medium', 20.3, 1, 0, 74, 0, 1, '8/31/2017', 5),
('PH476', 58, 'Orange', 'Medium', 12.0, 0, 0, 5, 0, 0, '07/03/2018', 5),
('PH477', 117, 'Orange', 'Medium', 28.7, 1, 0, 23, 0, 1, '04/09/2010', 1),
('PH478', 159, 'White', 'Small', 26.4, 0, 1, 79, 0, 0, '8/18/2018', 4),
('PH479', 100, 'Orange', 'Large', 21.5, 1, 0, 82, 0, 1, '03/07/2015', 4),
('PH480', 19, 'Gray', 'Medium', 21.7, 1, 0, 25, 0, 1, '02/04/2018', 7),
('PH481', 176, 'Black', 'Large', 8.3, 0, 0, 8, 1, 0, '07/03/2017', 4),
('PH482', 173, 'Brown', 'Small', 20.0, 0, 0, 21, 1, 0, '12/09/2016', 2),
('PH483', 94, 'White', 'Medium', 6.7, 1, 0, 2, 1, 1, '2/24/2004', 2),
('PH484', 113, 'Orange', 'Large', 5.2, 1, 0, 22, 0, 0, '9/19/2017', 1),
('PH485', 146, 'Orange', 'Medium', 30.0, 1, 0, 72, 1, 1, '11/23/2015', 3),
('PH486', 63, 'Black', 'Medium', 19.0, 1, 0, 87, 0, 1, '01/03/2017', 2),
('PH487', 116, 'Black', 'Medium', 13.5, 1, 0, 72, 0, 1, '4/25/2010', 2),
('PH488', 113, 'White', 'Large', 9.4, 1, 0, 68, 0, 0, '1/15/2016', 5),
('PH489', 47, 'Brown', 'Small', 18.5, 0, 0, 64, 0, 0, '11/24/2016', 1),
('PH490', 57, 'Orange', 'Medium', 2.4, 1, 0, 19, 0, 1, '7/22/2010', 2),
('PH491', 118, 'White', 'Small', 3.7, 0, 1, 87, 1, 0, '04/10/2012', 2),
('PH492', 45, 'Gray', 'Small', 2.0, 1, 0, 82, 0, 0, '11/08/2015', 1),
('PH493', 161, 'Gray', 'Large', 15.5, 1, 0, 53, 0, 0, '06/12/2018', 6),
('PH494', 145, 'White', 'Large', 18.4, 1, 0, 87, 0, 1, '5/15/2016', 4),
('PH495', 4, 'Orange', 'Small', 2.8, 1, 0, 52, 0, 1, '11/02/2013', 1),
('PH496', 148, 'White', 'Medium', 21.9, 1, 0, 47, 0, 1, '6/24/2015', 3),
('PH497', 47, 'Orange', 'Large', 7.7, 1, 1, 82, 0, 0, '01/04/2017', 3),
('PH498', 143, 'Black', 'Medium', 20.9, 0, 0, 54, 1, 0, '8/14/2018', 7),
('PH499', 47, 'White', 'Medium', 29.5, 1, 0, 44, 0, 1, '07/02/2018', 4),
('PH500', 78, 'Orange', 'Medium', 21.0, 1, 0, 7, 0, 1, '03/06/2010', 6),
('PH501', 124, 'White', 'Small', 26.6, 1, 1, 1, 1, 0, '5/22/2009', 2),
('PH502', 75, 'White', 'Medium', 28.5, 0, 0, 63, 1, 0, '04/03/2013', 7),
('PH503', 103, 'Orange', 'Small', 15.1, 0, 0, 39, 1, 0, '1/23/2016', 3),
('PH504', 137, 'Orange', 'Small', 21.4, 0, 1, 19, 0, 0, '05/01/2018', 1),
('PH505', 90, 'Brown', 'Medium', 25.7, 0, 0, 31, 0, 1, '11/16/2015', 4),
('PH506', 144, 'White', 'Medium', 11.3, 1, 0, 77, 0, 1, '2/23/2016', 3),
('PH507', 69, 'Gray', 'Medium', 8.6, 1, 0, 24, 1, 1, '1/13/2014', 2),
('PH508', 61, 'White', 'Medium', 28.5, 1, 0, 69, 1, 1, '2/24/2018', 3),
('PH509', 138, 'White', 'Small', 22.1, 1, 0, 87, 0, 0, '12/01/2012', 2),
('PH510', 50, 'Orange', 'Medium', 7.4, 1, 0, 83, 0, 1, '08/01/2017', 5),
('PH511', 3, 'White', 'Medium', 14.0, 0, 0, 65, 1, 1, '02/04/2016', 2),
('PH512', 107, 'White', 'Small', 24.1, 1, 1, 33, 0, 0, '07/08/2018', 2),
('PH513', 113, 'Gray', 'Large', 16.9, 1, 1, 59, 0, 0, '07/05/2017', 1),
('PH514', 94, 'Orange', 'Large', 19.8, 0, 0, 33, 0, 0, '12/28/2016', 5),
('PH515', 118, 'White', 'Small', 22.9, 1, 0, 32, 0, 0, '5/23/2016', 2),
('PH516', 81, 'Black', 'Large', 19.0, 1, 0, 59, 1, 1, '9/15/2000', 4),
('PH517', 109, 'Brown', 'Small', 16.7, 0, 0, 41, 0, 0, '6/14/2017', 1),
('PH518', 51, 'Gray', 'Medium', 22.7, 0, 0, 12, 0, 0, '7/29/2018', 2),
('PH519', 147, 'White', 'Medium', 22.1, 1, 0, 73, 0, 1, '02/01/2015', 3),
('PH520', 170, 'Black', 'Large', 19.3, 0, 0, 11, 0, 0, '05/11/2014', 4),
('PH521', 35, 'White', 'Medium', 11.4, 1, 0, 19, 0, 1, '9/19/2018', 1),
('PH522', 46, 'White', 'Large', 12.8, 0, 0, 54, 0, 0, '3/23/2017', 2),
('PH523', 154, 'Orange', 'Large', 29.1, 1, 0, 57, 0, 0, '08/08/2013', 3),
('PH524', 69, 'Orange', 'Medium', 4.3, 1, 0, 42, 0, 1, '9/30/2017', 4),
('PH525', 93, 'Orange', 'Medium', 8.8, 1, 0, 71, 1, 1, '06/07/2016', 6),
('PH526', 64, 'Black', 'Large', 15.3, 1, 0, 31, 0, 0, '12/11/2013', 1),
('PH527', 165, 'White', 'Medium', 25.3, 0, 0, 52, 0, 0, '05/05/2018', 5),
('PH528', 49, 'Brown', 'Small', 5.7, 1, 0, 2, 1, 0, '8/13/2018', 5),
('PH529', 149, 'Gray', 'Medium', 9.0, 1, 0, 83, 0, 1, '6/19/2008', 1),
('PH530', 74, 'Orange', 'Medium', 2.9, 0, 0, 38, 1, 0, '6/13/2015', 1),
('PH531', 5, 'Orange', 'Small', 21.5, 0, 0, 32, 0, 0, '3/23/2016', 3),
('PH532', 100, 'White', 'Medium', 7.9, 1, 1, 10, 1, 0, '8/31/2007', 1),
('PH533', 70, 'White', 'Medium', 12.3, 1, 0, 8, 1, 1, '04/07/2018', 5),
('PH534', 90, 'Black', 'Large', 13.9, 1, 0, 75, 0, 0, '5/24/2016', 2),
('PH535', 4, 'Black', 'Medium', 26.8, 1, 0, 20, 1, 1, '4/28/2014', 7),
('PH536', 126, 'Orange', 'Medium', 12.9, 1, 1, 20, 1, 0, '8/24/2018', 6),
('PH537', 39, 'White', 'Small', 5.2, 1, 0, 9, 0, 1, '02/10/2016', 4),
('PH538', 163, 'Brown', 'Large', 16.2, 1, 0, 72, 0, 0, '7/28/2017', 5),
('PH539', 129, 'Gray', 'Large', 28.9, 0, 0, 15, 0, 0, '6/15/2015', 5),
('PH540', 24, 'White', 'Large', 18.6, 1, 0, 88, 1, 0, '1/23/2015', 2),
('PH541', 57, 'White', 'Medium', 29.5, 1, 0, 63, 0, 1, '07/09/2012', 5),
('PH542', 100, 'Black', 'Large', 25.4, 1, 0, 21, 0, 0, '5/14/2016', 5),
('PH543', 70, 'Gray', 'Small', 2.0, 1, 1, 5, 0, 0, '06/06/2013', 6),
('PH544', 41, 'Orange', 'Large', 20.1, 1, 0, 35, 0, 1, '10/12/2016', 4),
('PH545', 174, 'White', 'Small', 9.3, 1, 1, 85, 0, 0, '7/17/2018', 7),
('PH546', 60, 'Orange', 'Large', 17.2, 0, 0, 68, 0, 0, '2/18/2017', 1),
('PH547', 108, 'White', 'Large', 9.1, 0, 1, 48, 1, 0, '1/30/2018', 2),
('PH548', 57, 'Orange', 'Small', 11.1, 1, 0, 80, 0, 0, '11/29/2015', 2),
('PH549', 31, 'Gray', 'Large', 27.8, 1, 0, 62, 0, 1, '9/16/2014', 4),
('PH550', 84, 'Black', 'Large', 7.0, 0, 1, 35, 0, 0, '7/26/2018', 6),
('PH551', 152, 'Gray', 'Large', 26.3, 1, 1, 70, 0, 0, '11/20/2014', 3),
('PH552', 36, 'Brown', 'Medium', 1.9, 0, 0, 21, 0, 0, '6/29/2017', 1),
('PH553', 158, 'Black', 'Small', 3.6, 1, 0, 80, 0, 1, '3/20/2017', 4),
('PH554', 152, 'Gray', 'Large', 25.8, 1, 1, 39, 0, 0, '04/10/2015', 2),
('PH555', 108, 'Brown', 'Small', 19.3, 1, 0, 34, 0, 0, '07/07/2017', 2),
('PH556', 106, 'White', 'Small', 22.7, 0, 0, 15, 0, 0, '4/20/2017', 6),
('PH557', 158, 'White', 'Small', 7.1, 1, 1, 6, 0, 0, '6/14/2016', 1),
('PH558', 86, 'Orange', 'Large', 16.6, 1, 0, 66, 1, 0, '02/04/2017', 1),
('PH559', 135, 'Black', 'Large', 22.4, 1, 0, 88, 0, 0, '4/27/2014', 7),
('PH560', 163, 'White', 'Small', 19.2, 1, 0, 56, 1, 0, '7/30/2016', 1),
('PH561', 14, 'Black', 'Medium', 14.7, 1, 0, 49, 1, 1, '10/04/2018', 1),
('PH562', 120, 'White', 'Small', 28.8, 1, 0, 1, 0, 0, '11/30/2007', 6),
('PH563', 138, 'Orange', 'Medium', 20.6, 0, 1, 65, 1, 0, '2/21/2017', 1),
('PH564', 80, 'Gray', 'Small', 27.3, 1, 0, 28, 0, 0, '12/29/2012', 1),
('PH565', 144, 'Orange', 'Small', 22.2, 1, 1, 20, 0, 0, '3/24/2017', 5),
('PH566', 106, 'Brown', 'Small', 22.3, 1, 1, 48, 0, 0, '7/30/2018', 4),
('PH567', 70, 'White', 'Large', 3.3, 0, 0, 72, 1, 0, '6/23/2017', 6),
('PH568', 44, 'Brown', 'Medium', 11.4, 0, 0, 65, 0, 0, '3/20/2018', 6),
('PH569', 73, 'Brown', 'Medium', 25.9, 0, 0, 51, 1, 0, '05/06/2015', 2),
('PH570', 45, 'Black', 'Small', 7.7, 1, 0, 43, 0, 0, '02/08/2018', 2),
('PH571', 107, 'White', 'Large', 4.3, 1, 0, 49, 1, 0, '08/02/2015', 2),
('PH572', 84, 'Brown', 'Large', 10.5, 1, 0, 25, 0, 0, '08/07/2014', 3),
('PH573', 82, 'Gray', 'Medium', 7.4, 1, 0, 74, 0, 1, '10/09/2016', 3),
('PH574', 107, 'Brown', 'Large', 27.8, 0, 0, 76, 0, 0, '4/30/2016', 3),
('PH575', 21, 'Gray', 'Medium', 26.2, 1, 0, 41, 0, 1, '9/15/2015', 7),
('PH576', 178, 'Black', 'Medium', 15.5, 1, 0, 71, 0, 1, '8/24/2015', 3),
('PH577', 161, 'Brown', 'Medium', 2.8, 1, 0, 64, 1, 1, '11/19/2017', 2),
('PH578', 7, 'Orange', 'Large', 21.7, 1, 0, 61, 0, 1, '10/05/2012', 4),
('PH579', 70, 'Black', 'Medium', 19.1, 1, 0, 12, 1, 1, '08/01/2018', 2),
('PH580', 127, 'Gray', 'Medium', 29.1, 1, 0, 81, 0, 1, '2/27/2012', 7),
('PH581', 143, 'Black', 'Small', 17.2, 0, 0, 69, 1, 0, '7/15/2017', 7),
('PH582', 160, 'Brown', 'Medium', 10.8, 1, 0, 14, 0, 1, '12/22/2006', 6),
('PH583', 148, 'White', 'Medium', 16.1, 1, 0, 34, 0, 1, '6/25/2017', 4),
('PH584', 143, 'White', 'Small', 29.4, 1, 0, 48, 1, 0, '1/31/2017', 3),
('PH585', 176, 'Gray', 'Small', 21.2, 0, 0, 61, 0, 0, '07/03/2017', 7),
('PH586', 149, 'Gray', 'Large', 20.5, 0, 0, 81, 0, 0, '9/30/2017', 3),
('PH587', 170, 'White', 'Medium', 8.0, 1, 0, 35, 0, 1, '11/24/2008', 2),
('PH588', 154, 'Gray', 'Large', 22.6, 1, 1, 65, 0, 0, '11/04/2015', 3),
('PH589', 120, 'Black', 'Large', 22.8, 1, 0, 59, 0, 0, '12/27/2017', 1),
('PH590', 128, 'Orange', 'Small', 10.2, 0, 1, 36, 1, 0, '10/12/2017', 2),
('PH591', 142, 'Orange', 'Large', 15.0, 0, 0, 79, 0, 0, '9/16/2014', 7),
('PH592', 57, 'Black', 'Medium', 9.5, 1, 0, 19, 0, 1, '1/21/2016', 1),
('PH593', 165, 'Orange', 'Small', 8.5, 1, 0, 42, 0, 1, '11/01/2009', 4),
('PH594', 58, 'Brown', 'Medium', 1.8, 1, 0, 69, 0, 1, '4/27/2016', 5),
('PH595', 21, 'Black', 'Medium', 9.3, 1, 0, 19, 0, 1, '03/11/2018', 1),
('PH596', 82, 'Gray', 'Small', 17.1, 1, 0, 39, 1, 1, '8/16/2016', 4),
('PH597', 69, 'Black', 'Medium', 1.0, 0, 0, 69, 1, 0, '8/25/2017', 6),
('PH598', 131, 'White', 'Small', 9.2, 0, 0, 52, 0, 0, '2/16/2018', 1),
('PH599', 87, 'Gray', 'Medium', 26.6, 1, 0, 12, 1, 1, '6/16/2016', 2),
('PH600', 165, 'White', 'Small', 18.2, 1, 0, 83, 0, 0, '1/14/2015', 1),
('PH601', 49, 'Gray', 'Large', 18.6, 0, 0, 47, 1, 0, '11/28/2016', 3),
('PH602', 147, 'Orange', 'Medium', 12.7, 1, 0, 76, 0, 1, '02/11/2014', 2),
('PH603', 115, 'Black', 'Small', 20.6, 1, 1, 36, 0, 0, '11/02/2016', 6),
('PH604', 89, 'Brown', 'Medium', 6.5, 0, 0, 63, 0, 0, '10/25/2017', 2),
('PH605', 85, 'Gray', 'Medium', 24.7, 0, 0, 76, 0, 0, '3/20/2008', 2),
('PH606', 128, 'Gray', 'Medium', 4.4, 0, 0, 82, 0, 0, '09/05/2017', 6),
('PH607', 140, 'White', 'Small', 20.0, 1, 1, 51, 0, 0, '8/22/2010', 2),
('PH608', 169, 'Orange', 'Large', 10.9, 0, 0, 43, 0, 0, '12/20/2016', 2),
('PH609', 161, 'White', 'Large', 22.7, 1, 0, 34, 0, 0, '1/30/2016', 7),
('PH610', 178, 'White', 'Large', 16.9, 1, 0, 49, 0, 0, '07/03/2016', 2),
('PH611', 117, 'Orange', 'Small', 14.1, 0, 0, 18, 0, 0, '10/29/2016', 2),
('PH612', 127, 'Brown', 'Large', 5.9, 0, 0, 61, 0, 0, '4/21/2016', 6),
('PH613', 71, 'White', 'Small', 19.5, 0, 0, 57, 0, 0, '01/03/2018', 6),
('PH614', 86, 'White', 'Medium', 29.3, 1, 1, 5, 0, 0, '10/01/2015', 6),
('PH615', 33, 'Gray', 'Medium', 24.9, 0, 0, 89, 1, 0, '7/13/2018', 2),
('PH616', 81, 'Orange', 'Large', 2.7, 0, 0, 24, 1, 0, '7/27/2017', 4),
('PH617', 152, 'Black', 'Small', 11.9, 1, 0, 64, 0, 0, '1/24/2015', 2),
('PH618', 61, 'Brown', 'Medium', 27.8, 0, 0, 59, 0, 0, '5/28/2017', 2),
('PH619', 61, 'Brown', 'Small', 15.6, 1, 0, 38, 0, 0, '11/16/2016', 1),
('PH620', 98, 'Orange', 'Small', 20.2, 1, 0, 33, 1, 0, '5/29/2018', 5),
('PH621', 28, 'Gray', 'Medium', 27.5, 1, 0, 10, 0, 1, '03/11/2018', 4),
('PH622', 43, 'Gray', 'Small', 26.3, 1, 0, 37, 0, 1, '9/22/2011', 4),
('PH623', 169, 'Orange', 'Medium', 15.6, 0, 0, 87, 0, 0, '11/23/2016', 2),
('PH624', 167, 'Gray', 'Medium', 13.7, 1, 0, 11, 0, 1, '05/07/2016', 4),
('PH625', 86, 'Brown', 'Medium', 10.9, 1, 0, 24, 0, 1, '11/13/2015', 7),
('PH626', 177, 'Brown', 'Small', 21.9, 1, 0, 88, 0, 0, '8/28/2017', 1),
('PH627', 17, 'Black', 'Medium', 9.3, 0, 1, 71, 0, 0, '8/18/2009', 7),
('PH628', 98, 'Orange', 'Small', 8.2, 1, 0, 21, 0, 0, '02/07/2011', 5),
('PH629', 98, 'White', 'Medium', 11.3, 0, 0, 20, 0, 0, '11/15/2017', 2),
('PH630', 65, 'White', 'Medium', 6.1, 1, 1, 10, 0, 0, '10/15/2018', 3),
('PH631', 74, 'Black', 'Large', 21.2, 1, 0, 89, 0, 0, '12/31/2015', 7),
('PH632', 85, 'Black', 'Large', 18.9, 0, 1, 47, 1, 0, '09/10/2018', 6),
('PH633', 5, 'Gray', 'Large', 15.0, 1, 0, 47, 0, 1, '7/25/2018', 6),
('PH634', 2, 'Black', 'Small', 12.3, 1, 0, 15, 0, 1, '1/24/2017', 1),
('PH635', 22, 'Black', 'Small', 27.4, 1, 0, 44, 0, 1, '08/10/2018', 4),
('PH636', 112, 'White', 'Medium', 1.8, 1, 1, 62, 0, 0, '07/04/2017', 1),
('PH637', 57, 'Gray', 'Medium', 23.3, 1, 0, 6, 0, 1, '9/30/2017', 2),
('PH638', 66, 'Black', 'Medium', 27.2, 1, 1, 66, 0, 0, '08/04/2018', 7),
('PH639', 74, 'Black', 'Medium', 13.9, 0, 0, 76, 0, 0, '9/15/2009', 7),
('PH640', 98, 'Gray', 'Small', 17.0, 1, 1, 4, 0, 0, '6/27/2017', 2),
('PH641', 144, 'Orange', 'Medium', 28.4, 0, 0, 23, 0, 0, '10/21/2017', 1),
('PH642', 112, 'Gray', 'Medium', 7.2, 1, 0, 13, 0, 1, '09/05/2012', 3),
('PH643', 179, 'White', 'Large', 16.1, 1, 1, 81, 0, 0, '7/25/2018', 7),
('PH644', 125, 'Orange', 'Medium', 14.8, 1, 1, 31, 0, 0, '6/13/2017', 1),
('PH645', 167, 'Brown', 'Medium', 8.5, 1, 0, 16, 0, 1, '08/03/2010', 7),
('PH646', 86, 'Gray', 'Medium', 24.7, 1, 0, 41, 0, 1, '6/27/2016', 1),
('PH647', 76, 'White', 'Small', 27.1, 1, 0, 1, 0, 0, '12/23/2016', 1),
('PH648', 88, 'Orange', 'Large', 23.7, 1, 0, 12, 0, 1, '11/12/2004', 4),
('PH649', 168, 'Gray', 'Medium', 6.7, 1, 0, 56, 0, 1, '10/12/2018', 7),
('PH650', 38, 'Black', 'Medium', 3.5, 1, 0, 50, 1, 1, '2/23/2016', 3),
('PH651', 59, 'Gray', 'Large', 18.6, 1, 0, 20, 1, 0, '04/12/2017', 1),
('PH652', 138, 'Brown', 'Medium', 2.7, 0, 0, 66, 0, 1, '7/24/2017', 4),
('PH653', 99, 'Gray', 'Small', 20.5, 1, 0, 36, 0, 0, '08/05/2018', 2),
('PH654', 63, 'Orange', 'Medium', 16.4, 1, 0, 79, 0, 1, '10/21/2015', 1),
('PH655', 49, 'Orange', 'Small', 20.2, 1, 0, 38, 0, 0, '1/17/2017', 6),
('PH656', 32, 'Gray', 'Small', 18.1, 1, 0, 22, 1, 1, '11/25/2017', 4),
('PH657', 135, 'Orange', 'Medium', 13.3, 1, 0, 61, 1, 1, '6/27/2016', 1),
('PH658', 21, 'Black', 'Large', 6.8, 1, 0, 50, 1, 1, '12/05/2018', 7),
('PH659', 20, 'Gray', 'Small', 9.9, 1, 0, 59, 0, 1, '06/07/2015', 1),
('PH660', 154, 'Black', 'Large', 16.2, 0, 1, 20, 0, 0, '07/01/2016', 3),
('PH661', 127, 'Black', 'Medium', 19.9, 1, 0, 36, 1, 1, '02/08/2017', 4),
('PH662', 68, 'White', 'Small', 23.6, 1, 1, 15, 0, 0, '8/28/2013', 7),
('PH663', 110, 'Gray', 'Medium', 23.2, 0, 0, 62, 1, 0, '9/30/2016', 5),
('PH664', 116, 'Orange', 'Large', 29.2, 1, 0, 3, 0, 1, '11/17/2016', 4),
('PH665', 143, 'Black', 'Medium', 9.3, 1, 0, 5, 0, 1, '7/26/2016', 5),
('PH666', 120, 'White', 'Medium', 3.1, 1, 0, 56, 0, 1, '09/01/2018', 5),
('PH667', 79, 'Gray', 'Small', 11.0, 1, 0, 31, 0, 0, '06/01/2013', 1),
('PH668', 116, 'Gray', 'Medium', 22.6, 1, 0, 86, 0, 1, '10/10/2016', 4),
('PH669', 92, 'Brown', 'Medium', 13.7, 1, 0, 35, 0, 1, '09/06/2014', 2),
('PH670', 14, 'Brown', 'Medium', 24.7, 1, 0, 71, 0, 1, '11/26/2010', 5),
('PH671', 155, 'Black', 'Small', 16.9, 1, 0, 70, 0, 0, '9/24/2016', 7),
('PH672', 125, 'Brown', 'Large', 28.0, 1, 0, 26, 0, 0, '01/10/2018', 2),
('PH673', 168, 'Black', 'Large', 28.5, 1, 0, 1, 0, 0, '08/07/2014', 1),
('PH674', 58, 'Orange', 'Medium', 3.0, 1, 1, 83, 1, 0, '08/07/2016', 2),
('PH675', 28, 'Black', 'Small', 14.2, 1, 0, 7, 0, 0, '7/13/2016', 1),
('PH676', 26, 'Brown', 'Medium', 18.7, 1, 0, 36, 0, 1, '8/24/2004', 6),
('PH677', 113, 'Orange', 'Large', 8.4, 1, 0, 76, 1, 0, '8/21/2016', 6),
('PH678', 66, 'Brown', 'Small', 12.8, 1, 1, 84, 1, 0, '7/26/2016', 5),
('PH679', 153, 'Black', 'Large', 20.7, 1, 0, 87, 0, 0, '6/27/2016', 1),
('PH680', 131, 'White', 'Large', 7.6, 1, 0, 25, 1, 0, '11/03/2016', 6),
('PH681', 44, 'Gray', 'Small', 18.5, 1, 0, 59, 0, 0, '3/21/2016', 7),
('PH682', 97, 'Brown', 'Small', 21.2, 1, 0, 61, 0, 0, '04/10/2018', 2),
('PH683', 42, 'Black', 'Medium', 3.6, 1, 0, 29, 0, 1, '7/25/2015', 7),
('PH684', 6, 'Orange', 'Medium', 15.4, 1, 0, 18, 0, 1, '7/25/2013', 5),
('PH685', 167, 'Brown', 'Large', 8.6, 1, 1, 41, 1, 0, '12/22/2016', 4),
('PH686', 23, 'Brown', 'Small', 22.0, 0, 0, 19, 1, 0, '11/01/2016', 2),
('PH687', 89, 'Gray', 'Small', 6.5, 1, 0, 4, 1, 0, '12/29/2013', 1),
('PH688', 123, 'Black', 'Medium', 26.9, 1, 0, 65, 1, 1, '2/28/2016', 1),
('PH689', 178, 'White', 'Large', 13.5, 1, 0, 41, 0, 0, '6/13/2016', 1),
('PH690', 171, 'Orange', 'Large', 6.7, 1, 0, 15, 0, 0, '07/05/2015', 1),
('PH691', 147, 'Black', 'Medium', 13.7, 1, 0, 54, 1, 1, '02/09/2016', 4),
('PH692', 51, 'Orange', 'Small', 12.9, 1, 0, 64, 1, 0, '12/04/2009', 6),
('PH693', 11, 'Brown', 'Medium', 13.4, 1, 0, 72, 1, 1, '11/14/2016', 1),
('PH694', 12, 'Gray', 'Medium', 18.0, 0, 0, 15, 1, 1, '04/01/2014', 1),
('PH695', 74, 'Gray', 'Medium', 16.1, 1, 0, 79, 0, 1, '2/28/2011', 1),
('PH696', 8, 'White', 'Medium', 5.3, 1, 0, 50, 1, 1, '11/16/2016', 6),
('PH697', 152, 'Gray', 'Small', 2.9, 1, 0, 22, 1, 0, '09/09/2011', 2),
('PH698', 41, 'Brown', 'Medium', 22.2, 0, 0, 18, 1, 0, '5/27/2017', 6),
('PH699', 164, 'White', 'Small', 17.2, 0, 0, 80, 0, 0, '12/06/2017', 6),
('PH700', 85, 'Black', 'Medium', 11.4, 1, 0, 2, 0, 1, '05/02/2016', 6),
('PH701', 72, 'Gray', 'Large', 24.4, 0, 0, 36, 0, 0, '09/01/2014', 1),
('PH702', 55, 'White', 'Small', 12.3, 0, 0, 20, 0, 0, '2/18/2003', 1),
('PH703', 137, 'Brown', 'Large', 24.1, 0, 0, 16, 0, 0, '08/08/2017', 1),
('PH704', 47, 'Orange', 'Medium', 9.9, 1, 1, 67, 0, 0, '10/09/2014', 1),
('PH705', 143, 'Orange', 'Medium', 3.1, 1, 0, 30, 0, 1, '7/24/2018', 6),
('PH706', 176, 'Brown', 'Medium', 28.0, 0, 0, 55, 0, 0, '08/05/2017', 7),
('PH707', 104, 'Brown', 'Small', 12.4, 0, 0, 66, 0, 0, '08/10/2016', 3),
('PH708', 42, 'Orange', 'Large', 24.0, 1, 0, 26, 0, 0, '10/21/2008', 2),
('PH709', 60, 'White', 'Small', 9.1, 1, 1, 57, 0, 0, '01/01/2018', 5),
('PH710', 12, 'Orange', 'Small', 19.7, 0, 0, 69, 0, 0, '12/16/2017', 5),
('PH711', 130, 'Brown', 'Medium', 26.3, 1, 0, 2, 0, 1, '3/16/2015', 4),
('PH712', 7, 'Gray', 'Large', 2.2, 1, 0, 56, 0, 1, '1/23/2016', 7),
('PH713', 80, 'Black', 'Medium', 25.1, 1, 1, 84, 0, 0, '11/10/2018', 2),
('PH714', 131, 'Gray', 'Small', 17.6, 1, 0, 62, 0, 0, '11/02/2016', 7),
('PH715', 109, 'Gray', 'Medium', 18.6, 1, 1, 34, 1, 1, '2/26/2015', 4),
('PH716', 3, 'Brown', 'Large', 16.2, 1, 0, 56, 0, 1, '10/19/2007', 6),
('PH717', 27, 'Orange', 'Medium', 26.4, 1, 0, 55, 0, 1, '01/09/2015', 7),
('PH718', 114, 'White', 'Large', 2.3, 1, 0, 20, 1, 0, '08/02/2009', 7),
('PH719', 107, 'Gray', 'Large', 8.6, 1, 1, 50, 0, 0, '5/27/2017', 1),
('PH720', 40, 'Orange', 'Medium', 26.4, 1, 1, 25, 1, 0, '08/10/2015', 1),
('PH721', 161, 'White', 'Small', 22.8, 1, 0, 84, 1, 0, '01/04/2017', 2),
('PH722', 129, 'Gray', 'Medium', 1.5, 1, 0, 25, 0, 1, '3/27/2016', 1),
('PH723', 8, 'White', 'Small', 16.0, 0, 0, 53, 0, 0, '12/06/2015', 1),
('PH724', 101, 'Orange', 'Small', 16.4, 1, 0, 14, 0, 0, '01/08/2017', 1),
('PH725', 160, 'Black', 'Medium', 12.6, 0, 0, 60, 0, 0, '09/12/2017', 3),
('PH726', 124, 'Orange', 'Small', 9.6, 0, 0, 43, 0, 0, '12/28/2014', 1),
('PH727', 176, 'Brown', 'Small', 20.8, 0, 0, 62, 0, 0, '5/21/2017', 2),
('PH728', 107, 'White', 'Medium', 7.0, 1, 0, 76, 1, 1, '12/13/2016', 1),
('PH729', 101, 'Black', 'Medium', 24.2, 0, 0, 69, 0, 0, '08/04/2015', 1),
('PH730', 4, 'White', 'Medium', 24.3, 1, 0, 63, 0, 1, '9/13/2017', 6),
('PH731', 110, 'White', 'Small', 13.0, 1, 1, 2, 0, 0, '5/22/2006', 2),
('PH732', 19, 'Gray', 'Large', 9.2, 1, 0, 54, 0, 1, '7/21/2013', 2),
('PH733', 32, 'Brown', 'Small', 9.2, 1, 0, 16, 0, 0, '1/13/2017', 2),
('PH734', 137, 'White', 'Large', 15.0, 1, 0, 55, 0, 0, '4/14/2016', 2),
('PH735', 12, 'Orange', 'Medium', 21.9, 1, 0, 43, 0, 1, '7/31/2016', 2),
('PH736', 139, 'Orange', 'Large', 11.4, 1, 0, 61, 1, 0, '11/19/2014', 3),
('PH737', 46, 'Gray', 'Medium', 18.7, 1, 0, 38, 0, 1, '6/27/2016', 2),
('PH738', 119, 'Brown', 'Medium', 12.1, 1, 0, 45, 0, 1, '8/15/2010', 1),
('PH739', 16, 'Brown', 'Large', 9.8, 1, 1, 51, 0, 0, '11/22/2014', 1),
('PH740', 129, 'Orange', 'Medium', 1.7, 1, 0, 42, 0, 1, '5/15/2015', 7),
('PH741', 63, 'Black', 'Large', 1.1, 0, 0, 24, 0, 0, '1/14/2016', 7),
('PH742', 109, 'Gray', 'Medium', 7.6, 1, 1, 30, 1, 0, '12/21/2012', 1),
('PH743', 119, 'Gray', 'Small', 12.8, 1, 0, 37, 1, 0, '4/15/2017', 1),
('PH744', 21, 'Orange', 'Small', 25.7, 1, 0, 53, 0, 1, '1/27/2019', 4),
('PH745', 158, 'Orange', 'Medium', 24.2, 1, 1, 63, 0, 0, '07/05/2018', 6),
('PH746', 13, 'Black', 'Medium', 8.7, 1, 0, 11, 0, 1, '04/10/2017', 5),
('PH747', 162, 'Black', 'Large', 8.1, 1, 0, 78, 0, 0, '8/14/2016', 5),
('PH748', 4, 'Brown', 'Small', 7.6, 0, 1, 23, 0, 0, '5/28/2015', 5),
('PH749', 156, 'Gray', 'Large', 10.8, 0, 0, 80, 0, 0, '04/11/2016', 4),
('PH750', 102, 'Gray', 'Medium', 15.4, 0, 1, 50, 0, 0, '10/04/2017', 2),
('PH751', 59, 'Orange', 'Medium', 13.7, 1, 0, 85, 0, 1, '08/02/2014', 6),
('PH752', 128, 'Brown', 'Large', 7.3, 1, 0, 55, 1, 0, '5/29/2013', 5),
('PH753', 27, 'Gray', 'Medium', 4.8, 1, 0, 55, 1, 1, '04/03/2008', 6),
('PH754', 69, 'Brown', 'Small', 1.4, 1, 1, 4, 0, 0, '7/24/2009', 3),
('PH755', 25, 'Brown', 'Large', 5.5, 1, 0, 54, 0, 0, '5/23/2017', 7),
('PH756', 131, 'Orange', 'Small', 21.5, 1, 0, 61, 1, 0, '10/09/2017', 3),
('PH757', 97, 'Brown', 'Small', 8.1, 1, 0, 78, 0, 0, '3/22/2015', 7),
('PH758', 25, 'Black', 'Small', 14.6, 1, 0, 83, 1, 0, '01/09/2018', 1),
('PH759', 148, 'Black', 'Large', 18.1, 1, 0, 5, 0, 0, '10/11/2007', 2),
('PH760', 162, 'White', 'Medium', 26.7, 0, 1, 18, 0, 0, '10/09/2016', 5),
('PH761', 154, 'Orange', 'Small', 26.8, 1, 0, 44, 0, 0, '02/10/2015', 1),
('PH762', 126, 'White', 'Small', 22.6, 1, 0, 31, 1, 0, '9/15/2017', 2),
('PH763', 133, 'Black', 'Small', 2.0, 0, 0, 21, 0, 0, '05/01/2017', 4),
('PH764', 9, 'White', 'Medium', 17.7, 1, 0, 47, 0, 1, '12/01/2016', 6),
('PH765', 116, 'Orange', 'Medium', 23.8, 1, 0, 30, 0, 1, '02/12/2017', 4),
('PH766', 178, 'Orange', 'Large', 1.5, 1, 0, 55, 1, 0, '10/13/2016', 1),
('PH767', 134, 'Brown', 'Medium', 16.9, 0, 0, 68, 1, 0, '1/18/2017', 3),
('PH768', 60, 'Gray', 'Large', 25.9, 1, 0, 69, 1, 0, '9/21/2006', 1),
('PH769', 172, 'Brown', 'Large', 14.7, 1, 0, 41, 1, 0, '08/02/2011', 1),
('PH770', 121, 'Orange', 'Large', 1.1, 0, 0, 45, 0, 0, '06/06/2016', 2),
('PH771', 139, 'Black', 'Large', 1.3, 1, 0, 74, 0, 0, '7/16/2018', 6),
('PH772', 175, 'Black', 'Large', 13.1, 0, 1, 80, 0, 0, '1/28/2015', 6),
('PH773', 108, 'Brown', 'Small', 5.5, 0, 0, 30, 0, 0, '10/27/2016', 1),
('PH774', 108, 'Orange', 'Medium', 20.3, 0, 0, 77, 1, 0, '08/02/2016', 6),
('PH775', 131, 'Black', 'Small', 21.6, 0, 0, 85, 1, 0, '12/27/2016', 5),
('PH776', 76, 'Orange', 'Large', 6.2, 1, 0, 45, 0, 0, '3/13/2008', 6),
('PH777', 30, 'Black', 'Medium', 26.8, 0, 0, 45, 0, 0, '10/14/2016', 1),
('PH778', 21, 'Orange', 'Small', 13.8, 1, 0, 79, 1, 1, '2/27/2017', 2),
('PH779', 156, 'White', 'Small', 5.1, 1, 0, 84, 0, 0, '9/25/2015', 1),
('PH780', 161, 'Orange', 'Large', 23.2, 1, 0, 84, 0, 0, '01/11/2015', 1),
('PH781', 163, 'Orange', 'Small', 23.9, 1, 0, 45, 0, 0, '10/09/2016', 1),
('PH782', 34, 'Brown', 'Small', 19.5, 1, 0, 55, 0, 0, '07/01/2017', 1),
('PH783', 41, 'White', 'Small', 25.8, 1, 0, 59, 0, 0, '6/26/2007', 1),
('PH784', 51, 'Gray', 'Small', 22.4, 0, 0, 5, 0, 0, '04/09/2016', 5),
('PH785', 175, 'Brown', 'Small', 26.6, 1, 0, 32, 0, 0, '7/28/2016', 1),
('PH786', 82, 'Gray', 'Large', 13.6, 1, 1, 6, 1, 0, '10/01/2017', 2),
('PH787', 58, 'Black', 'Large', 22.7, 1, 1, 26, 0, 0, '5/13/2016', 7),
('PH788', 75, 'Gray', 'Small', 30.0, 0, 0, 37, 0, 0, '6/19/2017', 6),
('PH789', 23, 'Orange', 'Large', 22.0, 1, 0, 13, 1, 1, '8/29/2014', 1),
('PH790', 176, 'Gray', 'Large', 4.3, 1, 0, 69, 0, 0, '10/23/2018', 1),
('PH791', 128, 'Brown', 'Medium', 16.0, 1, 0, 25, 0, 1, '12/05/2016', 1),
('PH792', 150, 'Brown', 'Small', 18.0, 1, 0, 13, 1, 0, '12/17/2017', 2),
('PH793', 17, 'Gray', 'Large', 6.1, 0, 1, 88, 0, 0, '8/25/2016', 3),
('PH794', 69, 'Brown', 'Large', 28.9, 1, 0, 20, 1, 0, '08/01/2016', 7),
('PH795', 108, 'Brown', 'Small', 6.1, 0, 1, 72, 0, 0, '5/15/2005', 1),
('PH796', 139, 'Gray', 'Medium', 6.1, 0, 0, 60, 0, 1, '10/17/2015', 4),
('PH797', 94, 'White', 'Small', 27.5, 1, 0, 73, 0, 0, '5/25/2016', 1),
('PH798', 15, 'White', 'Medium', 14.5, 0, 0, 21, 0, 1, '03/02/2016', 6),
('PH799', 91, 'Black', 'Small', 2.8, 0, 1, 61, 1, 0, '7/18/2016', 6),
('PH800', 163, 'Brown', 'Small', 18.3, 0, 0, 84, 0, 0, '11/10/2014', 4),
('PH801', 33, 'Gray', 'Small', 18.5, 1, 0, 79, 1, 1, '11/21/2013', 4),
('PH802', 125, 'Brown', 'Small', 2.9, 1, 1, 26, 1, 0, '10/20/2016', 2),
('PH803', 16, 'Orange', 'Medium', 29.2, 1, 0, 54, 0, 1, '01/12/2011', 5),
('PH804', 162, 'Brown', 'Medium', 16.8, 1, 0, 42, 1, 1, '01/10/2010', 4),
('PH805', 66, 'Brown', 'Large', 17.2, 0, 0, 11, 0, 0, '4/21/2018', 5),
('PH806', 168, 'White', 'Small', 16.1, 1, 0, 37, 0, 0, '6/22/2010', 2),
('PH807', 156, 'Gray', 'Medium', 18.7, 1, 0, 11, 1, 1, '10/16/2014', 1),
('PH808', 47, 'Brown', 'Medium', 8.7, 1, 0, 27, 0, 1, '08/03/2016', 6),
('PH809', 167, 'White', 'Medium', 9.3, 0, 0, 83, 0, 0, '02/02/2019', 1),
('PH810', 148, 'Black', 'Small', 15.8, 0, 0, 34, 0, 0, '12/28/2016', 2),
('PH811', 124, 'White', 'Large', 24.4, 1, 0, 38, 0, 0, '01/01/2016', 2),
('PH812', 1, 'White', 'Medium', 2.4, 1, 0, 61, 0, 1, '08/04/2018', 3),
('PH813', 87, 'White', 'Small', 18.5, 1, 1, 87, 0, 0, '6/21/2017', 5),
('PH814', 128, 'Brown', 'Medium', 24.4, 1, 1, 53, 0, 0, '3/17/2013', 7),
('PH815', 67, 'Brown', 'Medium', 5.6, 0, 0, 65, 0, 0, '12/13/2003', 2),
('PH816', 4, 'Black', 'Large', 1.4, 1, 0, 3, 0, 1, '05/05/2016', 6),
('PH817', 153, 'Orange', 'Medium', 10.1, 1, 0, 67, 0, 1, '10/05/2014', 5),
('PH818', 47, 'Orange', 'Medium', 18.1, 0, 0, 28, 0, 0, '9/27/2016', 2),
('PH819', 38, 'Orange', 'Small', 5.0, 0, 0, 14, 1, 0, '12/31/2016', 1),
('PH820', 143, 'Black', 'Small', 13.4, 0, 0, 52, 0, 0, '07/12/2017', 7),
('PH821', 21, 'Orange', 'Large', 17.0, 0, 0, 30, 0, 1, '12/08/2017', 4),
('PH822', 57, 'Orange', 'Small', 18.4, 1, 0, 58, 0, 1, '1/20/2017', 4),
('PH823', 117, 'White', 'Small', 9.0, 1, 0, 54, 0, 0, '11/21/2017', 5),
('PH824', 46, 'Brown', 'Large', 12.6, 1, 0, 69, 0, 0, '8/22/2018', 6),
('PH825', 142, 'Brown', 'Medium', 23.6, 1, 0, 15, 1, 1, '05/11/2017', 1),
('PH826', 145, 'White', 'Large', 28.3, 1, 0, 38, 1, 0, '11/02/2016', 2),
('PH827', 39, 'White', 'Small', 26.0, 1, 0, 78, 1, 0, '07/05/2008', 2),
('PH828', 137, 'White', 'Large', 17.4, 0, 1, 14, 1, 0, '12/15/2015', 5),
('PH829', 99, 'Brown', 'Medium', 12.9, 1, 0, 57, 0, 1, '2/19/2017', 6),
('PH830', 77, 'Orange', 'Large', 10.7, 1, 0, 59, 0, 0, '03/10/2015', 5),
('PH831', 115, 'White', 'Small', 4.6, 0, 0, 8, 1, 0, '2/19/2016', 2),
('PH832', 134, 'Black', 'Small', 4.1, 1, 0, 72, 0, 0, '02/02/2017', 1),
('PH833', 151, 'White', 'Large', 21.0, 1, 0, 19, 1, 0, '8/26/2016', 3),
('PH834', 91, 'Gray', 'Medium', 8.5, 1, 0, 32, 1, 1, '5/21/2016', 1),
('PH835', 98, 'White', 'Large', 8.4, 0, 0, 29, 1, 0, '10/02/2016', 1),
('PH836', 120, 'Brown', 'Medium', 29.9, 1, 0, 41, 0, 1, '02/12/2014', 1),
('PH837', 46, 'White', 'Medium', 6.4, 1, 0, 75, 1, 1, '6/28/2017', 2),
('PH838', 38, 'Gray', 'Large', 5.3, 0, 0, 45, 0, 0, '4/26/2014', 3),
('PH839', 142, 'Black', 'Medium', 3.9, 0, 0, 13, 0, 0, '8/27/2018', 6),
('PH840', 100, 'Orange', 'Small', 17.8, 1, 1, 27, 0, 0, '06/03/2016', 2),
('PH841', 72, 'White', 'Large', 19.2, 0, 0, 19, 1, 0, '9/25/2013', 2),
('PH842', 35, 'Gray', 'Medium', 11.6, 1, 0, 26, 1, 1, '06/01/2012', 1),
('PH843', 147, 'Gray', 'Small', 16.5, 1, 0, 53, 0, 0, '10/22/2013', 2),
('PH844', 30, 'Black', 'Large', 23.9, 0, 0, 51, 0, 0, '4/17/2018', 1),
('PH845', 78, 'Brown', 'Small', 24.7, 0, 0, 37, 0, 0, '6/16/2016', 6),
('PH846', 84, 'White', 'Small', 28.8, 1, 0, 9, 1, 0, '07/11/2018', 7),
('PH847', 113, 'Gray', 'Small', 24.9, 0, 0, 52, 0, 0, '9/26/2017', 2),
('PH848', 25, 'Black', 'Medium', 17.4, 0, 0, 54, 0, 0, '8/25/2018', 5),
('PH849', 168, 'Orange', 'Large', 6.2, 1, 1, 3, 0, 0, '9/23/2014', 5),
('PH850', 88, 'Gray', 'Large', 3.9, 1, 0, 69, 0, 0, '07/06/2010', 5),
('PH851', 14, 'Black', 'Medium', 2.6, 1, 0, 8, 0, 1, '5/18/2011', 1),
('PH852', 154, 'Brown', 'Large', 20.3, 0, 0, 14, 0, 0, '3/19/2014', 2),
('PH853', 102, 'Brown', 'Small', 24.4, 1, 0, 3, 1, 0, '2/23/2016', 5),
('PH854', 150, 'Gray', 'Large', 15.8, 1, 0, 24, 1, 1, '10/12/2011', 4),
('PH855', 176, 'Gray', 'Medium', 2.6, 1, 1, 13, 0, 0, '8/13/2002', 6),
('PH856', 83, 'White', 'Small', 16.5, 1, 0, 43, 1, 0, '08/06/2014', 6),
('PH857', 110, 'Black', 'Medium', 28.1, 0, 0, 29, 0, 0, '1/17/2017', 1),
('PH858', 179, 'Gray', 'Small', 18.3, 1, 1, 72, 0, 0, '2/21/2017', 2),
('PH859', 131, 'White', 'Small', 24.5, 1, 0, 51, 0, 1, '6/24/2017', 4),
('PH860', 170, 'White', 'Large', 24.2, 1, 0, 42, 0, 0, '8/15/2015', 2),
('PH861', 19, 'Gray', 'Small', 28.0, 1, 0, 31, 1, 1, '7/14/2018', 1),
('PH862', 28, 'Brown', 'Medium', 23.3, 1, 0, 63, 0, 1, '9/21/2013', 7),
('PH863', 173, 'Black', 'Large', 22.7, 0, 0, 26, 0, 0, '4/26/2012', 6),
('PH864', 71, 'Black', 'Medium', 7.8, 1, 0, 18, 1, 1, '02/04/2017', 5),
('PH865', 63, 'Brown', 'Small', 2.7, 0, 0, 82, 0, 0, '09/11/2008', 5),
('PH866', 73, 'Gray', 'Medium', 16.0, 1, 0, 57, 1, 1, '02/01/2018', 1),
('PH867', 124, 'Black', 'Medium', 4.6, 1, 0, 7, 1, 1, '10/16/2016', 2),
('PH868', 119, 'Gray', 'Small', 28.9, 1, 0, 48, 0, 0, '11/20/2016', 3),
('PH869', 121, 'Gray', 'Large', 9.4, 0, 0, 80, 1, 0, '06/07/2017', 1),
('PH870', 19, 'White', 'Medium', 25.7, 1, 0, 60, 0, 1, '7/15/2017', 7),
('PH871', 175, 'Brown', 'Small', 12.2, 1, 0, 33, 0, 0, '8/27/2015', 6),
('PH872', 142, 'Gray', 'Large', 10.4, 1, 0, 3, 0, 0, '12/11/2006', 5),
('PH873', 120, 'Orange', 'Large', 28.1, 0, 0, 4, 0, 0, '10/24/2016', 1),
('PH874', 166, 'Brown', 'Large', 11.5, 1, 1, 4, 1, 0, '4/16/2015', 6),
('PH875', 61, 'Black', 'Medium', 12.3, 0, 0, 42, 0, 0, '02/07/2014', 5),
('PH876', 164, 'White', 'Medium', 4.1, 0, 0, 9, 0, 0, '11/26/2018', 2),
('PH877', 168, 'Black', 'Medium', 20.4, 0, 1, 51, 1, 0, '3/20/2015', 6),
('PH878', 30, 'Black', 'Large', 9.4, 0, 0, 17, 0, 0, '1/28/2018', 3),
('PH879', 9, 'Brown', 'Medium', 18.0, 1, 0, 17, 0, 1, '5/17/2017', 4),
('PH880', 64, 'Black', 'Small', 18.1, 1, 0, 20, 0, 1, '7/29/2011', 4),
('PH881', 161, 'Gray', 'Medium', 21.9, 1, 0, 14, 1, 1, '8/21/2016', 1),
('PH882', 120, 'Black', 'Medium', 22.6, 0, 0, 22, 0, 0, '8/18/2018', 1),
('PH883', 52, 'White', 'Large', 15.9, 1, 0, 52, 0, 0, '1/18/2009', 2),
('PH884', 89, 'White', 'Medium', 10.6, 1, 0, 27, 0, 1, '5/29/2018', 5),
('PH885', 142, 'Orange', 'Small', 25.3, 0, 0, 43, 0, 0, '1/16/2002', 1),
('PH886', 53, 'White', 'Large', 10.0, 1, 0, 3, 1, 0, '6/23/2016', 5),
('PH887', 78, 'Black', 'Small', 15.7, 1, 0, 88, 0, 1, '6/25/2014', 4),
('PH888', 41, 'White', 'Large', 12.6, 1, 0, 8, 0, 0, '10/26/2015', 6),
('PH889', 68, 'Brown', 'Large', 25.8, 1, 0, 86, 0, 0, '3/13/2014', 2),
('PH890', 8, 'White', 'Medium', 13.5, 1, 1, 89, 1, 1, '3/27/2018', 6),
('PH891', 2, 'Gray', 'Small', 12.2, 0, 0, 10, 1, 0, '09/01/2010', 3),
('PH892', 105, 'Brown', 'Large', 21.0, 1, 0, 29, 0, 0, '6/25/2017', 7),
('PH893', 125, 'Orange', 'Medium', 18.5, 0, 0, 40, 0, 0, '12/08/2017', 2),
('PH894', 110, 'Gray', 'Large', 4.1, 1, 1, 65, 0, 0, '8/28/2017', 1),
('PH895', 86, 'Black', 'Large', 15.7, 1, 0, 21, 0, 0, '08/05/2016', 1),
('PH896', 169, 'Black', 'Large', 22.3, 1, 0, 24, 0, 0, '7/13/2016', 7),
('PH897', 120, 'Black', 'Large', 29.8, 1, 1, 73, 0, 0, '7/24/2017', 2),
('PH898', 127, 'Gray', 'Large', 19.2, 1, 1, 60, 0, 0, '06/04/2017', 2),
('PH899', 16, 'Gray', 'Large', 11.7, 0, 0, 26, 1, 0, '6/23/2008', 3),
('PH900', 62, 'Gray', 'Medium', 7.6, 1, 0, 9, 0, 1, '2/23/2016', 4),
('PH901', 113, 'Brown', 'Large', 26.3, 1, 0, 20, 1, 0, '7/29/2016', 6),
('PH902', 176, 'Brown', 'Small', 24.6, 1, 1, 56, 0, 0, '3/20/2013', 5),
('PH903', 158, 'Black', 'Medium', 7.8, 1, 0, 36, 1, 1, '04/09/2016', 4),
('PH904', 12, 'White', 'Small', 6.8, 0, 1, 36, 0, 0, '6/18/2015', 3),
('PH905', 35, 'Black', 'Large', 21.7, 0, 0, 73, 0, 0, '3/23/2018', 1),
('PH906', 11, 'Orange', 'Small', 10.1, 1, 0, 22, 1, 1, '02/06/2017', 6),
('PH907', 64, 'Brown', 'Large', 9.9, 1, 0, 1, 0, 0, '01/05/2015', 6),
('PH908', 50, 'Gray', 'Large', 5.4, 0, 0, 69, 0, 0, '3/23/2018', 4),
('PH909', 149, 'Brown', 'Medium', 8.7, 1, 0, 73, 0, 1, '3/14/2011', 5),
('PH910', 69, 'Gray', 'Medium', 13.4, 1, 0, 37, 1, 1, '9/24/2008', 6),
('PH911', 48, 'Orange', 'Large', 22.3, 0, 0, 83, 0, 0, '8/23/2016', 2),
('PH912', 20, 'Orange', 'Medium', 10.8, 1, 0, 72, 1, 1, '12/11/2017', 1),
('PH913', 101, 'Brown', 'Small', 10.5, 1, 0, 13, 0, 0, '07/12/2018', 2),
('PH914', 172, 'Gray', 'Medium', 9.3, 1, 0, 84, 0, 1, '11/29/2015', 6),
('PH915', 161, 'Orange', 'Medium', 14.9, 1, 0, 43, 0, 1, '01/07/2014', 1),
('PH916', 137, 'Black', 'Small', 6.2, 1, 0, 37, 0, 0, '08/06/2010', 7),
('PH917', 68, 'Black', 'Medium', 15.1, 1, 0, 74, 0, 1, '02/07/2012', 3),
('PH918', 35, 'Gray', 'Large', 21.4, 0, 1, 25, 0, 0, '7/25/2016', 1),
('PH919', 65, 'Brown', 'Small', 1.9, 0, 0, 88, 0, 0, '3/22/2018', 1),
('PH920', 8, 'Orange', 'Large', 1.3, 1, 0, 21, 0, 1, '9/30/2011', 4),
('PH921', 45, 'Brown', 'Small', 3.2, 1, 0, 41, 0, 1, '01/04/2017', 4),
('PH922', 87, 'Black', 'Large', 16.5, 0, 0, 73, 1, 0, '1/25/2016', 1),
('PH923', 175, 'Orange', 'Large', 25.8, 1, 0, 42, 1, 0, '10/17/2017', 1),
('PH924', 168, 'Brown', 'Medium', 1.1, 0, 1, 42, 1, 0, '2/21/2017', 6),
('PH925', 76, 'White', 'Large', 28.2, 1, 1, 2, 0, 0, '9/28/2008', 3),
('PH926', 76, 'Gray', 'Medium', 4.1, 0, 0, 68, 1, 0, '6/27/2018', 1),
('PH927', 174, 'Gray', 'Small', 25.4, 1, 0, 8, 0, 0, '08/03/2009', 1),
('PH928', 47, 'White', 'Large', 15.0, 1, 0, 61, 0, 0, '11/08/2010', 6),
('PH929', 15, 'Black', 'Large', 20.1, 0, 0, 14, 1, 0, '10/09/2017', 1),
('PH930', 105, 'Orange', 'Small', 15.8, 1, 0, 77, 1, 0, '6/23/2017', 1),
('PH931', 147, 'Gray', 'Small', 14.8, 1, 0, 21, 0, 0, '6/13/2016', 1),
('PH932', 26, 'White', 'Large', 25.2, 1, 0, 24, 0, 0, '10/09/2012', 2),
('PH933', 52, 'White', 'Small', 22.9, 0, 1, 50, 0, 0, '9/16/2017', 6),
('PH934', 93, 'Black', 'Medium', 15.0, 1, 0, 82, 0, 1, '7/30/2016', 2),
('PH935', 150, 'Black', 'Small', 4.2, 0, 0, 45, 1, 0, '07/10/2016', 1),
('PH936', 21, 'Brown', 'Small', 4.3, 1, 0, 64, 0, 1, '5/21/2018', 1),
('PH937', 51, 'Gray', 'Large', 24.2, 1, 1, 64, 1, 0, '11/30/2014', 4),
('PH938', 38, 'Brown', 'Medium', 16.4, 1, 0, 26, 0, 1, '02/05/2018', 2),
('PH939', 20, 'White', 'Small', 15.0, 1, 0, 32, 1, 1, '2/13/2017', 5),
('PH940', 157, 'Orange', 'Medium', 20.7, 0, 0, 57, 1, 0, '10/12/2018', 1),
('PH941', 179, 'Orange', 'Medium', 25.9, 0, 0, 53, 0, 0, '5/28/2015', 2),
('PH942', 132, 'Black', 'Medium', 19.2, 1, 0, 33, 0, 1, '06/04/2017', 7),
('PH943', 55, 'Orange', 'Large', 23.1, 0, 0, 52, 1, 0, '3/22/2014', 4),
('PH944', 92, 'Orange', 'Small', 23.2, 0, 0, 18, 0, 0, '11/07/2016', 4),
('PH945', 28, 'Orange', 'Large', 11.3, 1, 0, 35, 0, 0, '09/08/2015', 1),
('PH946', 4, 'White', 'Small', 8.9, 0, 1, 12, 0, 0, '08/07/2016', 1),
('PH947', 150, 'Orange', 'Small', 24.2, 1, 0, 51, 0, 0, '7/20/2009', 7),
('PH948', 76, 'Orange', 'Large', 11.9, 0, 0, 89, 1, 0, '01/09/2014', 2),
('PH949', 173, 'Orange', 'Medium', 27.2, 1, 0, 10, 0, 1, '10/19/2014', 6),
('PH950', 67, 'Brown', 'Medium', 3.0, 1, 0, 52, 1, 1, '4/18/2018', 5),
('PH951', 86, 'White', 'Small', 2.7, 1, 0, 34, 0, 0, '5/25/2016', 1),
('PH952', 162, 'Black', 'Large', 27.9, 0, 1, 67, 1, 0, '06/04/2009', 5),
('PH953', 91, 'Brown', 'Medium', 19.8, 1, 1, 39, 0, 0, '01/09/2016', 6),
('PH954', 105, 'Gray', 'Medium', 12.0, 1, 0, 8, 0, 1, '04/08/2007', 3),
('PH955', 1, 'White', 'Small', 22.9, 1, 0, 29, 0, 1, '6/15/2014', 1),
('PH956', 72, 'White', 'Small', 20.5, 1, 0, 22, 1, 0, '08/06/2017', 2),
('PH957', 87, 'Gray', 'Large', 16.4, 1, 0, 84, 0, 0, '04/06/2011', 3),
('PH958', 166, 'Gray', 'Small', 3.9, 0, 0, 70, 1, 0, '1/14/2017', 4),
('PH959', 6, 'Gray', 'Medium', 24.6, 1, 0, 61, 0, 1, '10/13/2016', 3),
('PH960', 153, 'Black', 'Medium', 26.1, 1, 1, 43, 0, 0, '12/13/2017', 2),
('PH961', 145, 'Orange', 'Medium', 6.0, 1, 0, 49, 1, 1, '3/17/2016', 2),
('PH962', 61, 'White', 'Medium', 25.7, 0, 0, 29, 0, 0, '10/02/2011', 7),
('PH963', 12, 'Orange', 'Large', 26.5, 1, 1, 81, 0, 0, '11/16/2016', 1),
('PH964', 6, 'Orange', 'Large', 16.9, 1, 0, 31, 0, 1, '10/03/2016', 1),
('PH965', 27, 'Gray', 'Small', 20.0, 0, 0, 53, 0, 0, '05/06/2016', 1),
('PH966', 136, 'Black', 'Small', 12.1, 0, 0, 34, 0, 0, '10/03/2007', 1),
('PH967', 124, 'Brown', 'Small', 9.2, 0, 0, 38, 0, 0, '6/23/2016', 2),
('PH968', 106, 'Black', 'Large', 21.9, 1, 1, 57, 0, 0, '8/26/2015', 2),
('PH969', 93, 'Orange', 'Medium', 26.0, 0, 1, 4, 1, 0, '1/31/2010', 5),
('PH970', 109, 'Black', 'Small', 20.0, 1, 1, 2, 1, 0, '11/17/2017', 1),
('PH971', 99, 'Gray', 'Medium', 15.8, 1, 1, 12, 0, 0, '6/29/2016', 3),
('PH972', 168, 'Brown', 'Small', 5.6, 1, 0, 35, 0, 0, '11/11/2008', 6),
('PH973', 142, 'Gray', 'Small', 2.6, 1, 1, 70, 0, 0, '12/07/2015', 2),
('PH974', 35, 'Brown', 'Small', 13.9, 0, 1, 72, 1, 0, '2/15/2017', 6),
('PH975', 176, 'Orange', 'Small', 2.4, 1, 0, 21, 0, 0, '1/29/2012', 2),
('PH976', 84, 'Brown', 'Small', 17.5, 1, 0, 61, 0, 0, '11/17/2017', 1),
('PH977', 56, 'Brown', 'Medium', 12.1, 0, 0, 35, 1, 0, '10/06/2017', 1),
('PH978', 177, 'Brown', 'Small', 23.0, 0, 0, 48, 0, 0, '11/22/2017', 6),
('PH979', 141, 'Black', 'Medium', 9.9, 1, 0, 15, 1, 1, '07/01/2017', 1),
('PH980', 49, 'Black', 'Large', 18.2, 1, 1, 71, 0, 0, '4/25/2018', 2),
('PH981', 46, 'Orange', 'Small', 16.6, 1, 1, 15, 0, 0, '8/15/2018', 5),
('PH982', 113, 'Brown', 'Medium', 1.1, 0, 0, 6, 1, 0, '1/18/2018', 2),
('PH983', 136, 'White', 'Large', 3.1, 1, 0, 81, 0, 0, '1/17/2017', 6),
('PH984', 43, 'Orange', 'Large', 9.4, 0, 1, 68, 1, 0, '5/21/2017', 4),
('PH985', 148, 'Brown', 'Large', 26.6, 1, 0, 22, 0, 0, '6/18/2018', 1),
('PH986', 124, 'Brown', 'Medium', 5.3, 1, 0, 32, 1, 1, '08/04/2016', 2),
('PH987', 97, 'Black', 'Small', 21.6, 1, 0, 22, 0, 0, '10/23/2017', 2),
('PH988', 90, 'Orange', 'Small', 29.2, 0, 1, 27, 0, 0, '12/19/2017', 1),
('PH989', 39, 'Brown', 'Medium', 23.9, 1, 1, 15, 0, 0, '11/22/2009', 2),
('PH990', 85, 'Brown', 'Small', 8.0, 0, 0, 44, 0, 0, '10/11/2016', 2),
('PH991', 177, 'Orange', 'Medium', 27.3, 1, 0, 86, 0, 1, '08/06/2017', 2),
('PH992', 62, 'White', 'Small', 3.7, 1, 1, 9, 0, 0, '7/19/2017', 2),
('PH993', 106, 'Orange', 'Large', 14.6, 0, 0, 34, 0, 0, '11/07/2017', 2),
('PH994', 107, 'Orange', 'Small', 26.7, 1, 0, 73, 0, 1, '6/21/2016', 4),
('PH995', 54, 'White', 'Medium', 19.6, 1, 0, 15, 0, 1, '8/26/2007', 2),
('PH996', 126, 'Orange', 'Medium', 13.0, 1, 0, 62, 0, 1, '12/26/2016', 1),
('PH997', 9, 'Brown', 'Large', 9.5, 1, 0, 45, 0, 1, '11/04/2015', 5),
('PH998', 88, 'Orange', 'Medium', 11.9, 1, 0, 84, 1, 1, '12/26/2017', 2),
('PH999', 37, 'White', 'Small', 15.8, 1, 1, 72, 0, 0, '3/28/2016', 1);

-- --------------------------------------------------------

--
-- Table structure for table `pet_species`
--

CREATE TABLE `pet_species` (
  `Species_id` int(1) NOT NULL,
  `PetType` varchar(6) DEFAULT NULL,
  `Breed` varchar(16) DEFAULT NULL
) ENGINE=InnoDB DEFAULT CHARSET=utf8mb3 COLLATE=utf8mb3_general_ci;

--
-- Dumping data for table `pet_species`
--

INSERT INTO `pet_species` (`Species_id`, `PetType`, `Breed`) VALUES
(1, 'Bird', 'Parakeet'),
(2, 'Rabbit', 'Rabbit'),
(3, 'Dog', 'Golden Retriever'),
(4, 'Dog', 'Labrador'),
(5, 'Cat', 'Siamese'),
(6, 'Cat', 'Persian'),
(7, 'Dog', 'Poodle');

--
-- Indexes for dumped tables
--

--
-- Indexes for table `adoption_data`
--
ALTER TABLE `adoption_data`
  ADD PRIMARY KEY (`Adoption_id`),
  ADD KEY `fk_pet_house_id` (`PetHouseId_fk`);

--
-- Indexes for table `pet_house`
--
ALTER TABLE `pet_house`
  ADD PRIMARY KEY (`PetHouseId`),
  ADD KEY `fk_species_id` (`SpeciesID_fk`);

--
-- Indexes for table `pet_species`
--
ALTER TABLE `pet_species`
  ADD PRIMARY KEY (`Species_id`);

--
-- Constraints for dumped tables
--

--
-- Constraints for table `adoption_data`
--
ALTER TABLE `adoption_data`
  ADD CONSTRAINT `fk_pet_house_id` FOREIGN KEY (`PetHouseId_fk`) REFERENCES `pet_house` (`PetHouseId`);

--
-- Constraints for table `pet_house`
--
ALTER TABLE `pet_house`
  ADD CONSTRAINT `fk_species_id` FOREIGN KEY (`SpeciesID_fk`) REFERENCES `pet_species` (`Species_id`);
COMMIT;

/*!40101 SET CHARACTER_SET_CLIENT=@OLD_CHARACTER_SET_CLIENT */;
/*!40101 SET CHARACTER_SET_RESULTS=@OLD_CHARACTER_SET_RESULTS */;
/*!40101 SET COLLATION_CONNECTION=@OLD_COLLATION_CONNECTION */;
